[
  {
    "comment": "This file contains custom reforging materials. By default, you can reforge
                a tool with its repair item (like iron ingots for an iron sword.), but some
                items don't have a repair item, like bows. This list is for the the Super Hostile Modpack.
				This adds items to reforge those.  It can also add an item for 'any', which will work for any item that can't be
                reforged otherwise. For more info about how to add materials, visit:
                https://bitbucket.org/Tmtravlr/qualitytools/wiki/Home",
    "tool": "any",
    "material": {
        "item": "ebwizardry:astral_diamond"
    }
  },
  {
    "tool": {
        "item": "minecraft:bow"
    },
    "material": {
        "ore_dict": "plankWood"
    }
  },
  {
    "tool": {
        "item": "mowziesmobs:naga_fang_dagger"
    },
    "material": {
        "ore_dict": "ingotIron"
    }
  },
  {
    "tool": {
        "item": "minecraft:fishing_rod"
    },
    "material": {
        "ore_dict": "plankWood"
    }
  },
  {
    "tool": {
        "item": "minecraft:wooden_hoe"
    },
    "material": {
        "ore_dict": "plankWood"
    }
  },
  {
    "tool": {
        "item": "minecraft:stone_hoe"
    },
    "material": {
        "ore_dict": "cobblestone"
    }
  },
  {
    "tool": {
        "item": "minecraft:iron_hoe"
    },
    "material": {
        "ore_dict": "ingotIron"
    }
  },
  {
    "tool": {
        "item": "minecraft:shears"
    },
    "material": {
        "ore_dict": "ingotIron"
    }
  },
  {
    "tool": {
        "item": "minecraft:iron_horse_armor"
    },
    "material": {
        "ore_dict": "ingotIron"
    }
  },
  {
    "tool": {
        "item": "minecraft:golden_hoe"
    },
    "material": {
        "ore_dict": "ingotGold"
    }
  },
  {
    "tool": {
        "item": "minecraft:golden_horse_armor"
    },
    "material": {
        "ore_dict": "ingotGold"
    }
  },
  {
    "tool": {
        "item": "minecraft:diamond_hoe"
    },
    "material": {
        "ore_dict": "gemDiamond"
    }
  },
  {
    "tool": {
        "item": "minecraft:diamond_horse_armor"
    },
    "material": {
        "ore_dict": "gemDiamond"
    }
  },
  {
    "tool": {
        "item": "qualitytools:emerald_ring"
    },
    "material": {
        "ore_dict": "gemEmerald"
    }
  },
  {
    "tool": {
        "item": "qualitytools:emerald_amulet"
    },
    "material": {
        "ore_dict": "gemEmerald"
    }
  },
  {
    "tool": {
        "item": "minecraft:totem_of_undying"
    },
    "material": {
        "item": "grimoireofgaia:shard_misc"
    }
  },		
  {
    "tool": {
        "item": "superhostilearmor:steel_armorhelmet"
    },
    "material": {
        "ore_dict": "ingotSteel"
    }
  },  
  {
    "tool": {
        "item": "superhostilearmor:steel_armorbody"
    },
    "material": {
        "ore_dict": "ingotSteel"
    }
  },    
    {
    "tool": {
        "item": "superhostilearmor:steel_armorlegs"
    },
    "material": {
        "ore_dict": "ingotSteel"
    }
  },  
    {
    "tool": {
        "item": "superhostilearmor:steel_armorboots"
    },
    "material": {
        "ore_dict": "ingotSteel"
    }
  },  	  
  {
    "tool": {
        "item": "superhostilearmor:amethyst_armorhelmet"
    },
    "material": {
        "ore_dict": "gemAmethyst"
    }
  },  
  {
    "tool": {
        "item": "superhostilearmor:amethyst_armorbody"
    },
    "material": {
        "ore_dict": "gemAmethyst"
    }
  },    
    {
    "tool": {
        "item": "superhostilearmor:amethyst_armorlegs"
    },
    "material": {
        "ore_dict": "gemAmethyst"
    }
  },  
    {
    "tool": {
        "item": "superhostilearmor:amethyst_armorboots"
    },
    "material": {
        "ore_dict": "gemAmethyst"
    }
  },  
  {
    "tool": {
        "item": "mysticalworld:amethyst_hoe"
    },
    "material": {
        "ore_dict": "gemAmethyst"
    }
  },
  {
    "tool": {
        "item": "mysticalworld:copper_helmet"
    },
    "material": {
        "ore_dict": "ingotCopper"
    }
  },
  {
    "tool": {
        "item": "mysticalworld:silver_helmet"
    },
    "material": {
        "ore_dict": "ingotSilver"
    }
  },
  {
    "tool": {
        "item": "mysticalworld:copper_boots"
    },
    "material": {
        "ore_dict": "ingotCopper"
    }
  },
  {
    "tool": {
        "item": "mysticalworld:copper_leggings"
    },
    "material": {
        "ore_dict": "ingotCopper"
    }
  },
  {
    "tool": {
        "item": "mysticalworld:copper_chestplate"
    },
    "material": {
        "ore_dict": "ingotCopper"
    }
  },
  {
    "tool": {
        "item": "mysticalworld:copper_hoe"
    },
    "material": {
        "ore_dict": "ingotCopper"
    }
  },
  {
    "tool": {
        "item": "minecraft:chainmail_helmet"
    },
    "material": {
        "item": "iceandfire:chain_link"
    }
  },  
  {
    "tool": {
        "item": "minecraft:chainmail_chestplate"
    },
    "material": {
        "item": "iceandfire:chain_link"
    }
  },
  {
    "tool": {
        "item": "minecraft:chainmail_leggings"
    },
    "material": {
        "item": "iceandfire:chain_link"
    }
  },
  {
    "tool": {
        "item": "minecraft:chainmail_boots"
    },
    "material": {
        "item": "iceandfire:chain_link"
    }
  },  
  {
    "tool": {
        "item": "mysticalworld:silver_chestplate"
    },
    "material": {
        "ore_dict": "ingotSilver"
    }
  },
  {
    "tool": {
        "item": "mysticalworld:silver_leggings"
    },
    "material": {
        "ore_dict": "ingotSilver"
    }
  },
  {
    "tool": {
        "item": "mysticalworld:silver_boots"
    },
    "material": {
        "ore_dict": "ingotSilver"
    }
  },
  {
    "tool": {
        "item": "mysticalworld:silver_knife"
    },
    "material": {
        "ore_dict": "ingotSilver"
    }
  },
  {
    "tool": {
        "item": "mysticalworld:silver_sword"
    },
    "material": {
        "ore_dict": "ingotSilver"
    }
  },
  {
    "tool": {
        "item": "mysticalworld:silver_shovel"
    },
    "material": {
        "ore_dict": "ingotSilver"
    }
  },
  {
    "tool": {
        "item": "mysticalworld:silver_axe"
    },
    "material": {
        "ore_dict": "ingotSilver"
    }
  },
  {
    "tool": {
        "item": "mysticalworld:silver_hoe"
    },
    "material": {
        "ore_dict": "ingotSilver"
    }
  },
  {
    "tool": {
        "item": "mysticalworld:silver_pickaxe"
    },
    "material": {
        "ore_dict": "ingotSilver"
     }
  },
  {
    "tool": {
        "item": "betternether:cincinnasite_pickaxe"
    },
    "material": {
        "item": "betternether:cincinnasite_forged"
    }
  },
  {
    "tool": {
        "item": "betternether:cincinnasite_axe"
    },
    "material": {
        "item": "betternether:cincinnasite_forged"
    }
  },
  {
    "tool": {
        "item": "betternether:cincinnasite_pickaxe_diamond"
    },
    "material": {
        "item": "minecraft:diamond"
    }
  },
  {
    "tool": {
        "item": "betternether:cincinnasite_axe_diamond"
    },
    "material": {
        "item": "minecraft:diamond"
    }
  },
  {
    "tool": {
        "item": "ebwizardry:wizard_hat"
    },
    "material": {
        "item": "ebwizardry:magic_silk"
    }
  },
  {
    "tool": {
        "item": "ebwizardry:wizard_robe"
    },
    "material": {
        "item": "ebwizardry:magic_silk"
    }
  },
  {
    "tool": {
        "item": "ebwizardry:wizard_leggings"
    },
    "material": {
        "item": "ebwizardry:magic_silk"
    }
  },
  {
    "tool": {
        "item": "ebwizardry:wizard_boots"
    },
    "material": {
        "item": "ebwizardry:magic_silk"
    }
  },
  {
    "tool": {
        "item": "ebwizardry:wizard_hat_fire"
    },
    "material": {
        "item": "ebwizardry:magic_silk"
    }
  },
  {
    "tool": {
        "item": "ebwizardry:wizard_robe_fire"
    },
    "material": {
        "item": "ebwizardry:magic_silk"
    }
  },
  {
    "tool": {
        "item": "ebwizardry:wizard_leggings_fire"
    },
    "material": {
        "item": "ebwizardry:magic_silk"
    }
  },
  {
    "tool": {
        "item": "ebwizardry:wizard_boots_fire"
    },
    "material": {
        "item": "ebwizardry:magic_silk"
    }
  },
  {
    "tool": {
        "item": "ebwizardry:wizard_boots_ice"
    },
    "material": {
        "item": "ebwizardry:magic_silk"
    }
  },
  {
    "tool": {
        "item": "ebwizardry:wizard_hat_ice"
    },
    "material": {
        "item": "ebwizardry:magic_silk"
    }
  },
  {
    "tool": {
        "item": "ebwizardry:wizard_robe_ice"
    },
    "material": {
        "item": "ebwizardry:magic_silk"
    }
  },
  {
    "tool": {
        "item": "ebwizardry:wizard_leggings_ice"
    },
    "material": {
        "item": "ebwizardry:magic_silk"
    }
  },
  {
    "tool": {
        "item": "ebwizardry:wizard_hat_lightning"
    },
    "material": {
        "item": "ebwizardry:magic_silk"
    }
  },
  {
    "tool": {
        "item": "ebwizardry:wizard_robe_lightning"
    },
    "material": {
        "item": "ebwizardry:magic_silk"
    }
  },
  {
    "tool": {
        "item": "ebwizardry:wizard_leggings_lightning"
    },
    "material": {
        "item": "ebwizardry:magic_silk"
    }
  },
  {
    "tool": {
        "item": "ebwizardry:wizard_boots_lightning"
    },
    "material": {
        "item": "ebwizardry:magic_silk"
    }
  },
  {
    "tool": {
        "item": "ebwizardry:wizard_boots_necromancy"
    },
    "material": {
        "item": "ebwizardry:magic_silk"
    }
  },
  {
    "tool": {
        "item": "ebwizardry:wizard_hat_necromancy"
    },
    "material": {
        "item": "ebwizardry:magic_silk"
    }
  },
  {
    "tool": {
        "item": "ebwizardry:wizard_leggings_necromancy"
    },
    "material": {
        "item": "ebwizardry:magic_silk"
    }
  },
  {
    "tool": {
        "item": "ebwizardry:wizard_robe_earth"
    },
    "material": {
        "item": "ebwizardry:magic_silk"
    }
  },
  {
    "tool": {
        "item": "ebwizardry:wizard_hat_earth"
    },
    "material": {
        "item": "ebwizardry:magic_silk"
    }
  },
  {
    "tool": {
        "item": "ebwizardry:wizard_leggings_earth"
    },
    "material": {
        "item": "ebwizardry:magic_silk"
    }
  },
  {
    "tool": {
        "item": "ebwizardry:wizard_boots_earth"
    },
    "material": {
        "item": "ebwizardry:magic_silk"
    }
  },
  {
    "tool": {
        "item": "ebwizardry:wizard_robe_sorcery"
    },
    "material": {
        "item": "ebwizardry:magic_silk"
    }
  },
  {
    "tool": {
        "item": "ebwizardry:wizard_hat_sorcery"
    },
    "material": {
        "item": "ebwizardry:magic_silk"
    }
  },
  {
    "tool": {
        "item": "ebwizardry:wizard_leggings_sorcery"
    },
    "material": {
        "item": "ebwizardry:magic_silk"
    }
  },
  {
    "tool": {
        "item": "ebwizardry:wizard_boots_sorcery"
    },
    "material": {
        "item": "ebwizardry:magic_silk"
    }
  },
  {
    "tool": {
        "item": "ebwizardry:wizard_robe_healing"
    },
    "material": {
        "item": "ebwizardry:magic_silk"
    }
  },
  {
    "tool": {
        "item": "ebwizardry:wizard_hat_healing"
    },
    "material": {
        "item": "ebwizardry:magic_silk"
    }
  },
  {
    "tool": {
        "item": "ebwizardry:wizard_leggings_healing"
    },
    "material": {
        "item": "ebwizardry:magic_silk"
    }
  },
  {
    "tool": {
        "item": "ebwizardry:wizard_boots_healing"
    },
    "material": {
        "item": "ebwizardry:magic_silk"
    }
  },
  {
    "tool": {
        "item": "ebwizardry:wizard_robe_necromancy"
    },
    "material": {
        "item": "ebwizardry:magic_silk"
    }
  },
  {
    "tool": {
        "item": "ebwizardry:sage_hat"
    },
    "material": {
        "item": "ebwizardry:grand_crystal"
    }
  },
  {
    "tool": {
        "item": "ebwizardry:sage_robe"
    },
    "material": {
        "item": "ebwizardry:grand_crystal"
    }
  },
  {
    "tool": {
        "item": "ebwizardry:sage_leggings"
    },
    "material": {
        "item": "ebwizardry:grand_crystal"
    }
  },
  {
    "tool": {
        "item": "ebwizardry:sage_boots"
    },
    "material": {
        "item": "ebwizardry:grand_crystal"
    }
  },
  {
    "tool": {
        "item": "ebwizardry:sage_hat_fire"
    },
    "material": {
        "item": "ebwizardry:grand_crystal"
    }
  },
  {
    "tool": {
        "item": "ebwizardry:sage_robe_fire"
    },
    "material": {
        "item": "ebwizardry:grand_crystal"
    }
  },
  {
    "tool": {
        "item": "ebwizardry:sage_leggings_fire"
    },
    "material": {
        "item": "ebwizardry:grand_crystal"
    }
  },
  {
    "tool": {
        "item": "ebwizardry:sage_boots_fire"
    },
    "material": {
        "item": "ebwizardry:grand_crystal"
    }
  },
  {
    "tool": {
        "item": "ebwizardry:sage_hat_ice"
    },
    "material": {
        "item": "ebwizardry:grand_crystal"
    }
  },
  {
    "tool": {
        "item": "ebwizardry:sage_robe_ice"
    },
    "material": {
        "item": "ebwizardry:grand_crystal"
    }
  },
  {
    "tool": {
        "item": "ebwizardry:sage_leggings_ice"
    },
    "material": {
        "item": "ebwizardry:grand_crystal"
    }
  },
  {
    "tool": {
        "item": "ebwizardry:sage_boots_ice"
    },
    "material": {
        "item": "ebwizardry:grand_crystal"
    }
  },
  {
    "tool": {
        "item": "ebwizardry:sage_hat_lightning"
    },
    "material": {
        "item": "ebwizardry:grand_crystal"
    }
  },
  {
    "tool": {
        "item": "ebwizardry:sage_robe_lightning"
    },
    "material": {
        "item": "ebwizardry:grand_crystal"
    }
  },
  {
    "tool": {
        "item": "ebwizardry:sage_leggings_lightning"
    },
    "material": {
        "item": "ebwizardry:grand_crystal"
    }
  },
  {
    "tool": {
        "item": "ebwizardry:sage_boots_lightning"
    },
    "material": {
        "item": "ebwizardry:grand_crystal"
    }
  },
  {
    "tool": {
        "item": "ebwizardry:sage_hat_necromancy"
    },
    "material": {
        "item": "ebwizardry:grand_crystal"
    }
  },
  {
    "tool": {
        "item": "ebwizardry:sage_robe_necromancy"
    },
    "material": {
        "item": "ebwizardry:grand_crystal"
    }
  },
  {
    "tool": {
        "item": "ebwizardry:sage_leggings_necromancy"
    },
    "material": {
        "item": "ebwizardry:grand_crystal"
    }
  },
  {
    "tool": {
        "item": "ebwizardry:sage_boots_necromancy"
    },
    "material": {
        "item": "ebwizardry:grand_crystal"
    }
  },
  {
    "tool": {
        "item": "ebwizardry:sage_hat_earth"
    },
    "material": {
        "item": "ebwizardry:grand_crystal"
    }
  },
  {
    "tool": {
        "item": "ebwizardry:sage_robe_earth"
    },
    "material": {
        "item": "ebwizardry:grand_crystal"
    }
  },
  {
    "tool": {
        "item": "ebwizardry:sage_leggings_earth"
    },
    "material": {
        "item": "ebwizardry:grand_crystal"
    }
  },
  {
    "tool": {
        "item": "ebwizardry:sage_boots_earth"
    },
    "material": {
        "item": "ebwizardry:grand_crystal"
    }
  },
  {
    "tool": {
        "item": "ebwizardry:sage_hat_sorcery"
    },
    "material": {
        "item": "ebwizardry:grand_crystal"
    }
  },
  {
    "tool": {
        "item": "ebwizardry:sage_robe_sorcery"
    },
    "material": {
        "item": "ebwizardry:grand_crystal"
    }
  },
  {
    "tool": {
        "item": "ebwizardry:sage_leggings_sorcery"
    },
    "material": {
        "item": "ebwizardry:grand_crystal"
    }
  },
  {
    "tool": {
        "item": "ebwizardry:sage_boots_sorcery"
    },
    "material": {
        "item": "ebwizardry:grand_crystal"
    }
  },
  {
    "tool": {
        "item": "ebwizardry:sage_hat_healing"
    },
    "material": {
        "item": "ebwizardry:grand_crystal"
    }
  },
  {
    "tool": {
        "item": "ebwizardry:sage_robe_healing"
    },
    "material": {
        "item": "ebwizardry:grand_crystal"
    }
  },
  {
    "tool": {
        "item": "ebwizardry:sage_leggings_healing"
    },
    "material": {
        "item": "ebwizardry:grand_crystal"
    }
  },
  {
    "tool": {
        "item": "ebwizardry:sage_boots_healing"
    },
    "material": {
        "item": "ebwizardry:grand_crystal"
    }
  },
  {
    "tool": {
        "item": "ebwizardry:battlemage_helmet"
    },
    "material": {
        "item": "ebwizardry:grand_crystal"
    }
  },
  {
    "tool": {
        "item": "ebwizardry:battlemage_chestplate"
    },
    "material": {
        "item": "ebwizardry:grand_crystal"
    }
  },
  {
    "tool": {
        "item": "ebwizardry:battlemage_leggings"
    },
    "material": {
        "item": "ebwizardry:grand_crystal"
    }
  },
  {
    "tool": {
        "item": "ebwizardry:battlemage_boots"
    },
    "material": {
        "item": "ebwizardry:grand_crystal"
    }
  },
  {
    "tool": {
        "item": "ebwizardry:battlemage_helmet_fire"
    },
    "material": {
        "item": "ebwizardry:grand_crystal"
    }
  },
  {
    "tool": {
        "item": "ebwizardry:battlemage_chestplate_fire"
    },
    "material": {
        "item": "ebwizardry:grand_crystal"
    }
  },
  {
    "tool": {
        "item": "ebwizardry:battlemage_leggings_fire"
    },
    "material": {
        "item": "ebwizardry:grand_crystal"
    }
  },
  {
    "tool": {
        "item": "ebwizardry:battlemage_boots_fire"
    },
    "material": {
        "item": "ebwizardry:grand_crystal"
    }
  },
  {
    "tool": {
        "item": "ebwizardry:battlemage_helmet_ice"
    },
    "material": {
        "item": "ebwizardry:grand_crystal"
    }
  },
  {
    "tool": {
        "item": "ebwizardry:battlemage_chestplate_ice"
    },
    "material": {
        "item": "ebwizardry:grand_crystal"
    }
  },
  {
    "tool": {
        "item": "ebwizardry:battlemage_leggings_ice"
    },
    "material": {
        "item": "ebwizardry:grand_crystal"
    }
  },
  {
    "tool": {
        "item": "ebwizardry:battlemage_boots_ice"
    },
    "material": {
        "item": "ebwizardry:grand_crystal"
    }
  },
  {
    "tool": {
        "item": "ebwizardry:battlemage_helmet_lightning"
    },
    "material": {
        "item": "ebwizardry:grand_crystal"
    }
  },
  {
    "tool": {
        "item": "ebwizardry:battlemage_chestplate_lightning"
    },
    "material": {
        "item": "ebwizardry:grand_crystal"
    }
  },
  {
    "tool": {
        "item": "ebwizardry:battlemage_leggings_lightning"
    },
    "material": {
        "item": "ebwizardry:grand_crystal"
    }
  },
  {
    "tool": {
        "item": "ebwizardry:battlemage_boots_lightning"
    },
    "material": {
        "item": "ebwizardry:grand_crystal"
    }
  },
  {
    "tool": {
        "item": "ebwizardry:battlemage_helmet_necromancy"
    },
    "material": {
        "item": "ebwizardry:grand_crystal"
    }
  },
  {
    "tool": {
        "item": "ebwizardry:battlemage_chestplate_necromancy"
    },
    "material": {
        "item": "ebwizardry:grand_crystal"
    }
  },
  {
    "tool": {
        "item": "ebwizardry:battlemage_leggings_necromancy"
    },
    "material": {
        "item": "ebwizardry:grand_crystal"
    }
  },
  {
    "tool": {
        "item": "ebwizardry:battlemage_boots_necromancy"
    },
    "material": {
        "item": "ebwizardry:grand_crystal"
    }
  },
  {
    "tool": {
        "item": "ebwizardry:battlemage_helmet_earth"
    },
    "material": {
        "item": "ebwizardry:grand_crystal"
    }
  },
  {
    "tool": {
        "item": "ebwizardry:battlemage_chestplate_earth"
    },
    "material": {
        "item": "ebwizardry:grand_crystal"
    }
  },
  {
    "tool": {
        "item": "ebwizardry:battlemage_leggings_earth"
    },
    "material": {
        "item": "ebwizardry:grand_crystal"
    }
  },
  {
    "tool": {
        "item": "ebwizardry:battlemage_boots_earth"
    },
    "material": {
        "item": "ebwizardry:grand_crystal"
    }
  },
  {
    "tool": {
        "item": "ebwizardry:battlemage_helmet_sorcery"
    },
    "material": {
        "item": "ebwizardry:grand_crystal"
    }
  },
  {
    "tool": {
        "item": "ebwizardry:battlemage_chestplate_sorcery"
    },
    "material": {
        "item": "ebwizardry:grand_crystal"
    }
  },
  {
    "tool": {
        "item": "ebwizardry:battlemage_leggings_sorcery"
    },
    "material": {
        "item": "ebwizardry:grand_crystal"
    }
  },
  {
    "tool": {
        "item": "ebwizardry:battlemage_boots_sorcery"
    },
    "material": {
        "item": "ebwizardry:grand_crystal"
    }
  },
  {
    "tool": {
        "item": "ebwizardry:battlemage_helmet_healing"
    },
    "material": {
        "item": "ebwizardry:grand_crystal"
    }
  },
  {
    "tool": {
        "item": "ebwizardry:battlemage_chestplate_healing"
    },
    "material": {
        "item": "ebwizardry:grand_crystal"
    }
  },
  {
    "tool": {
        "item": "ebwizardry:battlemage_leggings_healing"
    },
    "material": {
        "item": "ebwizardry:grand_crystal"
    }
  },
  {
    "tool": {
        "item": "ebwizardry:battlemage_boots_healing"
    },
    "material": {
        "item": "ebwizardry:grand_crystal"
    }
  },
  {
    "tool": {
        "item": "ebwizardry:warlock_hood"
    },
    "material": {
        "item": "ebwizardry:grand_crystal"
    }
  },
  {
    "tool": {
        "item": "ebwizardry:warlock_robe"
    },
    "material": {
        "item": "ebwizardry:grand_crystal"
    }
  },
  {
    "tool": {
        "item": "ebwizardry:warlock_leggings"
    },
    "material": {
        "item": "ebwizardry:grand_crystal"
    }
  },
  {
    "tool": {
        "item": "ebwizardry:warlock_boots"
    },
    "material": {
        "item": "ebwizardry:grand_crystal"
    }
  },
  {
    "tool": {
        "item": "ebwizardry:warlock_hood_fire"
    },
    "material": {
        "item": "ebwizardry:grand_crystal"
    }
  },
  {
    "tool": {
        "item": "ebwizardry:warlock_robe_fire"
    },
    "material": {
        "item": "ebwizardry:grand_crystal"
    }
  },
  {
    "tool": {
        "item": "ebwizardry:warlock_leggings_fire"
    },
    "material": {
        "item": "ebwizardry:grand_crystal"
    }
  },
  {
    "tool": {
        "item": "ebwizardry:warlock_boots_fire"
    },
    "material": {
        "item": "ebwizardry:grand_crystal"
    }
  },
  {
    "tool": {
        "item": "ebwizardry:warlock_hood_ice"
    },
    "material": {
        "item": "ebwizardry:grand_crystal"
    }
  },
  {
    "tool": {
        "item": "ebwizardry:warlock_robe_ice"
    },
    "material": {
        "item": "ebwizardry:grand_crystal"
    }
  },
  {
    "tool": {
        "item": "ebwizardry:warlock_leggings_ice"
    },
    "material": {
        "item": "ebwizardry:grand_crystal"
    }
  },
  {
    "tool": {
        "item": "ebwizardry:warlock_boots_ice"
    },
    "material": {
        "item": "ebwizardry:grand_crystal"
    }
  },
  {
    "tool": {
        "item": "ebwizardry:warlock_hood_lightning"
    },
    "material": {
        "item": "ebwizardry:grand_crystal"
    }
  },
  {
    "tool": {
        "item": "ebwizardry:warlock_robe_lightning"
    },
    "material": {
        "item": "ebwizardry:grand_crystal"
    }
  },
  {
    "tool": {
        "item": "ebwizardry:warlock_leggings_lightning"
    },
    "material": {
        "item": "ebwizardry:grand_crystal"
    }
  },
  {
    "tool": {
        "item": "ebwizardry:warlock_boots_lightning"
    },
    "material": {
        "item": "ebwizardry:grand_crystal"
    }
  },
  {
    "tool": {
        "item": "ebwizardry:warlock_hood_necromancy"
    },
    "material": {
        "item": "ebwizardry:grand_crystal"
    }
  },
  {
    "tool": {
        "item": "ebwizardry:warlock_robe_necromancy"
    },
    "material": {
        "item": "ebwizardry:grand_crystal"
    }
  },
  {
    "tool": {
        "item": "ebwizardry:warlock_leggings_necromancy"
    },
    "material": {
        "item": "ebwizardry:grand_crystal"
    }
  },
  {
    "tool": {
        "item": "ebwizardry:warlock_boots_necromancy"
    },
    "material": {
        "item": "ebwizardry:grand_crystal"
    }
  },
  {
    "tool": {
        "item": "ebwizardry:warlock_hood_earth"
    },
    "material": {
        "item": "ebwizardry:grand_crystal"
    }
  },
  {
    "tool": {
        "item": "ebwizardry:warlock_robe_earth"
    },
    "material": {
        "item": "ebwizardry:grand_crystal"
    }
  },
  {
    "tool": {
        "item": "ebwizardry:warlock_leggings_earth"
    },
    "material": {
        "item": "ebwizardry:grand_crystal"
    }
  },
  {
    "tool": {
        "item": "ebwizardry:warlock_boots_earth"
    },
    "material": {
        "item": "ebwizardry:grand_crystal"
    }
  },
  {
    "tool": {
        "item": "ebwizardry:warlock_hood_sorcery"
    },
    "material": {
        "item": "ebwizardry:grand_crystal"
    }
  },
  {
    "tool": {
        "item": "ebwizardry:warlock_robe_sorcery"
    },
    "material": {
        "item": "ebwizardry:grand_crystal"
    }
  },
  {
    "tool": {
        "item": "ebwizardry:warlock_leggings_sorcery"
    },
    "material": {
        "item": "ebwizardry:grand_crystal"
    }
  },
  {
    "tool": {
        "item": "ebwizardry:warlock_boots_sorcery"
    },
    "material": {
        "item": "ebwizardry:grand_crystal"
    }
  },
  {
    "tool": {
        "item": "ebwizardry:warlock_hood_healing"
    },
    "material": {
        "item": "ebwizardry:grand_crystal"
    }
  },
  {
    "tool": {
        "item": "ebwizardry:warlock_robe_healing"
    },
    "material": {
        "item": "ebwizardry:grand_crystal"
    }
  },
  {
    "tool": {
        "item": "ebwizardry:warlock_leggings_healing"
    },
    "material": {
        "item": "ebwizardry:grand_crystal"
    }
  },
  {
    "tool": {
        "item": "ebwizardry:warlock_boots_healing"
    },
    "material": {
        "item": "ebwizardry:grand_crystal"
    }
  }
]