{
    "blockstate_to_item": [
        {
            "block": {"name": "minecraft:water", "properties": {"level": "0"}},
            "item": {"name": "minecraft:water_bucket"},
            "remaining_item": {"name": "minecraft:bucket"}
        },
        {
            "block": {"name": "minecraft:lava", "properties": {"level": "0"}},
            "item": {"name": "minecraft:lava_bucket"},
            "remaining_item": {"name": "minecraft:bucket"}
        },
        {
            "block": {"name": "minecraft:farmland"},
            "item": {"name": "minecraft:dirt", "data": 0}
        },
        {
            "block": {"name": "minecraft:grass"},
            "item": {"name": "minecraft:dirt", "data": 0}
        },
        {
            "block": {"name": "ancientwarfarestructure:bench"},
            "item": {"name": "minecraft:planks"}
        },
        {
            "block": {"name": "ancientwarfarestructure:stake"},
            "item": {"name": "minecraft:planks"}
        },
        {
            "block": {"name": "ancientwarfarestructure:wooden_post"},
            "item": {"name": "minecraft:planks"}
        },
        {
            "block": {"name": "ancientwarfarestructure:golden_throne"},
            "item": {"name": "minecraft:gold_ingot"}
        },
        {
            "block": {"name": "ancientwarfarestructure:chair"},
            "item": {"name": "minecraft:planks"}
        },
        {
            "block": {"name": "ancientwarfarestructure:table"},
            "item": {"name": "minecraft:planks"}
        },
        {
            "block": {"name": "ancientwarfarestructure:stool"},
            "item": {"name": "minecraft:planks"}
        },
        {
            "block": {"name": "ancientwarfarestructure:wooden_throne"},
            "item": {"name": "minecraft:planks", "data": 5}
        },
        {
            "block": {"name": "ancientwarfarestructure:tribal_stool"},
            "item": {"name": "minecraft:planks", "data": 1}
        },
        {
            "block": {"name": "ancientwarfarestructure:tribal_chair"},
            "item": {"name": "minecraft:planks", "data": 4}
        },
        {
            "block": {"name": "ancientwarfarestructure:scissor_seat"},
            "item": {"name": "minecraft:planks", "data": 5}
        },
        {
            "block": {"name": "ancientwarfarestructure:fire_pit"},
            "item": {"name": "ancientwarfarestructure:fire_pit", "nbt": "{lit:0b,variant:\"log\"}"}
        },
        {
            "block": {"name": "ancientwarfarestructure:totem_part"},
            "item": {"name": "minecraft:planks"}
        },
        {
            "block": {"name": "ancientwarfarestructure:brazier_ember"},
            "item": {"name": "minecraft:iron_ingot"}
        },
        {
            "block": {"name": "ancientwarfarestructure:brazier_flame"},
            "item": {"name": "minecraft:iron_ingot"}
        },
        {
            "block": {"name": "ancientwarfarestructure:altar_short_cloth"},
            "item": {"name": "minecraft:planks"}
        },
        {
            "block": {"name": "ancientwarfarestructure:altar_long_cloth"},
            "item": {"name": "minecraft:planks"}
        },
        {
            "block": {"name": "ancientwarfarestructure:altar_lectern"},
            "item": {"name": "minecraft:planks"}
        },
        {
            "block": {"name": "ancientwarfarestructure:altar_candle"},
            "item": {"name": "minecraft:air"}
        },
        {
            "block": {"name": "ancientwarfarestructure:altar_sun"},
            "item": {"name": "minecraft:air"}
        },
        {
            "block": {"name": "ancientwarfarestructure:golden_idol"},
            "item": {"name": "minecraft:gold_ingot"}
        },
        {
            "block": {"name": "ancientwarfarestructure:orc_totem_1"},
            "item": {"name": "minecraft:stone"}
        },
        {
            "block": {"name": "ancientwarfarestructure:orc_totem_2"},
            "item": {"name": "minecraft:stone"}
        },
        {
            "block": {"name": "ancientwarfarestructure:orc_totem_2_lit"},
            "item": {"name": "minecraft:stone"}
        },
        {
            "block": {"name": "ancientwarfarestructure:goblin_totem_1"},
            "item": {"name": "minecraft:stone"}
        },
        {
            "block": {"name": "ancientwarfarestructure:goblin_totem_2"},
            "item": {"name": "minecraft:stone"}
        },
        {
            "block": {"name": "ancientwarfarestructure:goblin_totem_2_lit"},
            "item": {"name": "minecraft:stone"}
        },
        {
            "block": {"name": "minecraft:stone_slab", "data": 2},
            "item": {"name": "minecraft:wooden_slab"}
        },
        {
            "block": {"name": "minecraft:double_stone_slab", "data": 2},
            "item": {"name": "minecraft:wooden_slab"}
        },
        {
            "block": {"name": "ancientwarfarestructure:advanced_spawner"},
            "item": {"name": "minecraft:air"}
        },
		{
            "block": {"name": "minecraft:monster_egg", "data": 5},
            "item": {"name": "minecraft:stone"}
        }
    ],
    "block_passes": [
        {"block": "minecraft:bedrock", "build_pass": 1},
        {"block": "minecraft:flowing_lava", "build_pass": 1},
        {"block": "minecraft:bed", "build_pass": 2},
        {"block": "minecraft:golden_rail", "build_pass": 2},
        {"block": "minecraft:detector_rail", "build_pass": 2},
        {"block": "minecraft:tallgrass", "build_pass": 2},
        {"block": "minecraft:deadbush", "build_pass": 2},
        {"block": "minecraft:yellow_flower", "build_pass": 2},
        {"block": "minecraft:red_flower", "build_pass": 2},
        {"block": "minecraft:brown_mushroom", "build_pass": 2},
        {"block": "minecraft:red_mushroom", "build_pass": 2},
        {"block": "minecraft:torch", "build_pass": 2},
        {"block": "minecraft:redstone_wire", "build_pass": 2},
        {"block": "minecraft:wheat", "build_pass": 2},
        {"block": "minecraft:standing_sign", "build_pass": 2},
        {"block": "minecraft:wooden_door", "build_pass": 2},
        {"block": "minecraft:ladder", "build_pass": 2},
        {"block": "minecraft:rail", "build_pass": 2},
        {"block": "minecraft:wall_sign", "build_pass": 2},
        {"block": "minecraft:lever", "build_pass": 2},
        {"block": "minecraft:stone_pressure_plate", "build_pass": 2},
        {"block": "minecraft:iron_door", "build_pass": 2},
        {"block": "minecraft:wooden_pressure_plate", "build_pass": 2},
        {"block": "minecraft:unlit_redstone_torch", "build_pass": 2},
        {"block": "minecraft:redstone_torch", "build_pass": 2},
        {"block": "minecraft:stone_button", "build_pass": 2},
        {"block": "minecraft:snow_layer", "build_pass": 2},
        {"block": "minecraft:cactus", "build_pass": 2},
        {"block": "minecraft:reeds", "build_pass": 2},
        {"block": "minecraft:unpowered_repeater", "build_pass": 2},
        {"block": "minecraft:powered_repeater", "build_pass": 2},
        {"block": "minecraft:trapdoor", "build_pass": 2},
        {"block": "minecraft:pumpkin_stem", "build_pass": 2},
        {"block": "minecraft:melon_stem", "build_pass": 2},
        {"block": "minecraft:vine", "build_pass": 2},
        {"block": "minecraft:waterlily", "build_pass": 2},
        {"block": "minecraft:nether_wart", "build_pass": 2},
        {"block": "minecraft:redstone_lamp", "build_pass": 2},
        {"block": "minecraft:lit_redstone_lamp", "build_pass": 2},
        {"block": "minecraft:cocoa", "build_pass": 2},
        {"block": "minecraft:tripwire_hook", "build_pass": 2},
        {"block": "minecraft:tripwire", "build_pass": 2},
        {"block": "minecraft:beacon", "build_pass": 2},
        {"block": "minecraft:carrots", "build_pass": 2},
        {"block": "minecraft:potatoes", "build_pass": 2},
        {"block": "minecraft:wooden_button", "build_pass": 2},
        {"block": "minecraft:light_weighted_pressure_plate", "build_pass": 2},
        {"block": "minecraft:heavy_weighted_pressure_plate", "build_pass": 2},
        {"block": "minecraft:unpowered_comparator", "build_pass": 2},
        {"block": "minecraft:powered_comparator", "build_pass": 2},
        {"block": "minecraft:daylight_detector", "build_pass": 2},
        {"block": "minecraft:hopper", "build_pass": 2},
        {"block": "minecraft:activator_rail", "build_pass": 2},
        {"block": "minecraft:carpet", "build_pass": 2},
        {"block": "minecraft:double_plant", "build_pass": 2}
    ]
}