{
    "load_after": ["target_lists"],
    "defaults": {
        "player_default_standing": -70,
        "standing_settings": {
            "player_default_standing": -70,
            "standing_can_change": true,
            "standing_changes": {
                "kill": -10,
                "trade": 2
            }
        },
        "hostile_towards_factions": {
            "empire": true,
            "norska": true,
            "sarkonid": true,
            "xoltec": true,
            "witchbane": true,
            "nogg": false,
            "reiksgard": false,
            "shakayana": false,
            "zamurai": false,
            "buffloka": true,
            "zimba": true,
            "kong": true,
            "orc": true,
            "brigand": true,
            "pirate": true,
            "elf": false,
            "dwarf": false,
            "hobbit": false,
            "ent": false,
            "gnome": false,
            "gremlin": true,
            "giant": true,
            "smingol": true,
            "mindflayer": true,
            "minossian": true,
            "guild": false,
            "sealsker": false,
            "vyncan": false,
            "lizardmen": true,
            "coven": true,
            "rakshasa": true,
            "icelord": true,
            "amazon": true,
            "ishtari": true,
            "barbarian": true,
            "klown": true,
            "evil": true,
            "good": false,
            "undead": true,
            "monster": true,
            "vampire": true,
            "beast": true,
            "wizardly": false,
            "demon": true
        },
        "targets": {
            "lists": [
                "hostile"
            ],
            "include": [],
            "exclude": []
        }
    },
    "factions": [
        {
            "name": "empire",
            "color": "800080",
            "standing_settings": {
                "player_default_standing": 50,
                "standing_can_change": true,
                "standing_changes": {
                    "kill": -10,
                    "trade": 2
                }
            },
            "hostile_towards_factions": {
                "hobbit": false,
                "ent": false,
                "norska": true,
                "sarkonid": true,
                "xoltec": true,
                "witchbane": false,
                "nogg": true,
                "reiksgard": true,
                "shakayana": true,
                "zamurai": true,
                "buffloka": true,
                "zimba": true,
                "kong": true,
                "orc": true,
                "brigand": true,
                "pirate": true,
                "elf": false,
                "dwarf": false,
                "gnome": false,
                "gremlin": true,
                "giant": true,
                "smingol": true,
                "minossian": true,
                "mindflayer": true,
                "guild": false,
                "sealsker": true,
                "vyncan": true,
                "lizardmen": true,
                "coven": true,
                "rakshasa": true,
                "icelord": true,
                "amazon": true,
                "ishtari": true,
                "barbarian": true,
                "klown": true,
                "evil": true,
                "good": false,
                "undead": true,
                "monster": true,
                "vampire": true,
                "beast": true,
                "wizardly": false,
                "demon": true
            },
            "themed_blocks": {
                "ancientwarfarestructure:altar_long_cloth": {
                    "color": 8388736
                },
                "ancientwarfarestructure:altar_short_cloth": {
                    "color": 8388736
                },
                "ancientwarfarestructure:altar_candle": {
                    "color": 16777215
                }
            }
        },
        {
            "name": "norska",
            "color": "9999FF",
            "standing_settings": {
                "player_default_standing": 50,
                "standing_can_change": true,
                "standing_changes": {
                    "kill": -10,
                    "trade": 2
                }
            },
            "hostile_towards_factions": {
                "empire": true,
                "hobbit": false,
                "ent": false,
                "sarkonid": true,
                "xoltec": true,
                "witchbane": true,
                "nogg": true,
                "reiksgard": true,
                "shakayana": true,
                "zamurai": true,
                "buffloka": false,
                "zimba": false,
                "kong": true,
                "orc": true,
                "brigand": true,
                "pirate": true,
                "elf": false,
                "dwarf": false,
                "gnome": false,
                "gremlin": true,
                "giant": true,
                "smingol": true,
                "minossian": true,
                "mindflayer": true,
                "guild": false,
                "sealsker": true,
                "vyncan": false,
                "lizardmen": true,
                "coven": true,
                "rakshasa": true,
                "icelord": true,
                "amazon": false,
                "ishtari": true,
                "barbarian": true,
                "klown": true,
                "evil": true,
                "good": false,
                "undead": true,
                "monster": true,
                "beast": true,
                "wizardly": false,
                "vampire": true,
                "demon": true
            }
        },
        {
            "name": "sarkonid",
            "color": "b20000",
            "standing_settings": {
                "player_default_standing": 50,
                "standing_can_change": true,
                "standing_changes": {
                    "kill": -10,
                    "trade": 2
                }
            },
            "hostile_towards_factions": {
                "empire": true,
                "norska": true,
                "hobbit": false,
                "xoltec": true,
                "witchbane": true,
                "nogg": false,
                "reiksgard": true,
                "shakayana": true,
                "zamurai": true,
                "buffloka": false,
                "zimba": false,
                "kong": true,
                "orc": true,
                "brigand": true,
                "pirate": true,
                "elf": false,
                "dwarf": false,
                "ent": true,
                "gnome": false,
                "gremlin": true,
                "giant": true,
                "smingol": true,
                "minossian": true,
                "mindflayer": true,
                "guild": false,
                "sealsker": false,
                "vyncan": false,
                "lizardmen": true,
                "coven": true,
                "rakshasa": true,
                "icelord": true,
                "amazon": false,
                "ishtari": true,
                "barbarian": true,
                "klown": true,
                "evil": true,
                "good": false,
                "undead": true,
                "monster": true,
                "beast": true,
                "wizardly": false,
                "vampire": true,
                "demon": true
            }
        },
        {
            "name": "xoltec",
            "color": "ffa500",
            "standing_settings": {
                "player_default_standing": -1000,
                "standing_can_change": true,
                "standing_changes": {
                    "kill": -10,
                    "trade": 2
                }
            },
            "hostile_towards_factions": {
                "empire": true,
                "norska": true,
                "sarkonid": true,
                "witchbane": true,
                "nogg": true,
                "reiksgard": true,
                "shakayana": true,
                "zamurai": true,
                "buffloka": true,
                "zimba": true,
                "kong": false,
                "orc": false,
                "brigand": false,
                "pirate": false,
                "elf": true,
                "dwarf": true,
                "hobbit": true,
                "ent": true,
                "gnome": true,
                "gremlin": true,
                "giant": true,
                "smingol": true,
                "minossian": false,
                "mindflayer": true,
                "guild": true,
                "sealsker": true,
                "vyncan": true,
                "lizardmen": false,
                "coven": false,
                "rakshasa": false,
                "icelord": false,
                "amazon": true,
                "ishtari": false,
                "barbarian": true,
                "klown": false,
                "evil": false,
                "good": true,
                "undead": false,
                "monster": false,
                "beast": false,
                "wizardly": true,
                "vampire": false,
                "demon": false
            },
            "targets": {
                "lists": [
                    "friendly"
                ]
            }
        },
        {
            "name": "witchbane",
            "color": "ffffff",
            "standing_settings": {
                "player_default_standing": 0,
                "standing_can_change": true,
                "standing_changes": {
                    "kill": -10,
                    "trade": 2
                }
            },
            "hostile_towards_factions": {
                "empire": false,
                "norska": true,
                "sarkonid": true,
                "xoltec": true,
                "hobbit": true,
                "nogg": true,
                "reiksgard": true,
                "shakayana": true,
                "zamurai": true,
                "buffloka": true,
                "zimba": true,
                "kong": true,
                "orc": true,
                "brigand": true,
                "pirate": true,
                "elf": true,
                "dwarf": true,
                "ent": true,
                "gnome": true,
                "gremlin": true,
                "giant": true,
                "smingol": true,
                "minossian": true,
                "mindflayer": true,
                "guild": false,
                "sealsker": true,
                "vyncan": true,
                "lizardmen": true,
                "coven": true,
                "rakshasa": true,
                "icelord": true,
                "amazon": true,
                "ishtari": true,
                "barbarian": true,
                "klown": true,
                "evil": true,
                "good": true,
                "undead": true,
                "monster": true,
                "beast": true,
                "wizardly": false,
                "vampire": true,
                "demon": true
            },
            "themed_blocks": {
                "ancientwarfarestructure:altar_long_cloth": {
                    "color": 16777215
                },
                "ancientwarfarestructure:altar_short_cloth": {
                    "color": 16777215
                },
                "ancientwarfarestructure:altar_candle": {
                    "color": 0,
                    "flameColor": 16711680
                }
            }
        },
        {
            "name": "nogg",
            "color": "00cd00",
            "standing_settings": {
                "player_default_standing": 50,
                "standing_can_change": true,
                "standing_changes": {
                    "kill": -10,
                    "trade": 2
                }
            },
            "hostile_towards_factions": {
                "empire": true,
                "norska": true,
                "sarkonid": false,
                "xoltec": true,
                "witchbane": true,
                "reiksgard": false,
                "shakayana": true,
                "zamurai": true,
                "hobbit": false,
                "buffloka": false,
                "zimba": false,
                "kong": true,
                "orc": true,
                "brigand": true,
                "pirate": true,
                "elf": false,
                "dwarf": false,
                "ent": false,
                "gnome": false,
                "gremlin": true,
                "giant": true,
                "smingol": true,
                "minossian": true,
                "mindflayer": true,
                "guild": false,
                "sealsker": false,
                "vyncan": false,
                "lizardmen": true,
                "coven": true,
                "rakshasa": true,
                "icelord": true,
                "amazon": false,
                "ishtari": true,
                "barbarian": true,
                "klown": true,
                "evil": true,
                "good": false,
                "undead": true,
                "monster": true,
                "beast": true,
                "wizardly": false,
                "vampire": true,
                "demon": true
            },
            "themed_blocks": {
                "ancientwarfarestructure:altar_long_cloth": {
                    "color": 2263842
                },
                "ancientwarfarestructure:altar_short_cloth": {
                    "color": 2263842
                },
                "ancientwarfarestructure:altar_candle": {
                    "color": 16777215
                }
            }
        },
        {
            "name": "buffloka",
            "color": "008000",
            "standing_settings": {
                "player_default_standing": 50,
                "standing_can_change": true,
                "standing_changes": {
                    "kill": -10,
                    "trade": 2
                }
            },
            "hostile_towards_factions": {
                "empire": true,
                "norska": false,
                "sarkonid": false,
                "xoltec": true,
                "witchbane": true,
                "nogg": false,
                "reiksgard": true,
                "shakayana": true,
                "zamurai": true,
                "hobbit": false,
                "zimba": false,
                "kong": true,
                "orc": true,
                "brigand": true,
                "pirate": true,
                "elf": false,
                "dwarf": false,
                "ent": false,
                "gnome": false,
                "gremlin": true,
                "giant": true,
                "smingol": true,
                "minossian": true,
                "mindflayer": true,
                "guild": false,
                "sealsker": false,
                "vyncan": false,
                "lizardmen": true,
                "coven": true,
                "rakshasa": true,
                "icelord": true,
                "amazon": false,
                "ishtari": true,
                "barbarian": true,
                "klown": true,
                "evil": true,
                "good": false,
                "undead": true,
                "monster": true,
                "beast": true,
                "wizardly": false,
                "vampire": true,
                "demon": true
            }
        },
        {
            "name": "reiksgard",
            "color": "22cd22",
            "standing_settings": {
                "player_default_standing": 50,
                "standing_can_change": true,
                "standing_changes": {
                    "kill": -10,
                    "trade": 2
                }
            },
            "hostile_towards_factions": {
                "empire": true,
                "norska": true,
                "sarkonid": true,
                "xoltec": true,
                "witchbane": true,
                "nogg": false,
                "shakayana": true,
                "zamurai": true,
                "hobbit": false,
                "buffloka": true,
                "zimba": true,
                "kong": true,
                "orc": true,
                "brigand": true,
                "pirate": true,
                "elf": true,
                "dwarf": true,
                "ent": false,
                "gnome": false,
                "gremlin": true,
                "giant": true,
                "smingol": true,
                "minossian": true,
                "mindflayer": true,
                "guild": false,
                "sealsker": true,
                "vyncan": true,
                "lizardmen": true,
                "coven": true,
                "rakshasa": true,
                "icelord": true,
                "amazon": true,
                "ishtari": true,
                "barbarian": true,
                "klown": true,
                "evil": true,
                "good": false,
                "undead": true,
                "monster": true,
                "beast": true,
                "wizardly": false,
                "vampire": true,
                "demon": true
            }
        },
        {
            "name": "zimba",
            "color": "ffff00",
            "standing_settings": {
                "player_default_standing": 50,
                "standing_can_change": true,
                "standing_changes": {
                    "kill": -10,
                    "trade": 2
                }
            },
            "hostile_towards_factions": {
                "empire": true,
                "norska": false,
                "sarkonid": false,
                "xoltec": true,
                "witchbane": true,
                "nogg": false,
                "reiksgard": true,
                "shakayana": true,
                "zamurai": true,
                "buffloka": false,
                "hobbit": false,
                "kong": true,
                "orc": true,
                "brigand": true,
                "pirate": true,
                "elf": false,
                "dwarf": false,
                "ent": false,
                "gnome": false,
                "gremlin": true,
                "giant": true,
                "smingol": true,
                "minossian": true,
                "mindflayer": true,
                "guild": false,
                "sealsker": false,
                "vyncan": false,
                "lizardmen": true,
                "coven": true,
                "rakshasa": true,
                "icelord": true,
                "amazon": false,
                "ishtari": true,
                "barbarian": true,
                "klown": true,
                "evil": true,
                "good": false,
                "undead": true,
                "monster": true,
                "beast": true,
                "wizardly": false,
                "vampire": true,
                "demon": true
            }
        },
        {
            "name": "kong",
            "color": "004000",
            "standing_settings": {
                "player_default_standing": -1000,
                "standing_can_change": true,
                "standing_changes": {
                    "kill": -10,
                    "trade": 2
                }
            },
            "hostile_towards_factions": {
                "empire": true,
                "norska": true,
                "sarkonid": true,
                "xoltec": false,
                "witchbane": true,
                "nogg": true,
                "reiksgard": true,
                "shakayana": true,
                "zamurai": true,
                "buffloka": true,
                "zimba": true,
                "kong": false,
                "orc": false,
                "brigand": false,
                "pirate": false,
                "elf": true,
                "dwarf": true,
                "hobbit": true,
                "ent": true,
                "gnome": true,
                "gremlin": false,
                "giant": true,
                "smingol": true,
                "minossian": false,
                "mindflayer": true,
                "guild": true,
                "sealsker": true,
                "vyncan": true,
                "lizardmen": false,
                "coven": false,
                "rakshasa": false,
                "icelord": false,
                "amazon": true,
                "ishtari": false,
                "barbarian": true,
                "klown": false,
                "evil": false,
                "good": true,
                "undead": false,
                "monster": false,
                "beast": false,
                "wizardly": true,
                "vampire": false,
                "demon": false
            },
            "targets": {
                "lists": [
                    "friendly"
                ]
            }
        },
        {
            "name": "orc",
            "color": "404040",
            "standing_settings": {
                "player_default_standing": -1000,
                "standing_can_change": true,
                "standing_changes": {
                    "kill": -10,
                    "trade": 2
                }
            },
            "hostile_towards_factions": {
                "empire": true,
                "norska": true,
                "sarkonid": true,
                "xoltec": true,
                "witchbane": true,
                "nogg": true,
                "reiksgard": true,
                "shakayana": true,
                "zamurai": true,
                "buffloka": true,
                "zimba": true,
                "kong": false,
                "brigand": true,
                "pirate": false,
                "elf": true,
                "dwarf": true,
                "hobbit": true,
                "ent": true,
                "gnome": true,
                "gremlin": false,
                "smingol": true,
                "minossian": false,
                "mindflayer": true,
                "guild": true,
                "giant": true,
                "sealsker": true,
                "vyncan": true,
                "lizardmen": false,
                "coven": false,
                "rakshasa": false,
                "icelord": false,
                "amazon": true,
                "ishtari": false,
                "barbarian": true,
                "klown": false,
                "evil": false,
                "good": true,
                "undead": false,
                "monster": false,
                "beast": false,
                "wizardly": true,
                "vampire": false,
                "demon": false
            },
            "targets": {
                "lists": [
                    "friendly"
                ]
            }
        },
        {
            "name": "brigand",
            "color": "964b00",
            "standing_settings": {
                "player_default_standing": -1000,
                "standing_can_change": true,
                "standing_changes": {
                    "kill": -10,
                    "trade": 2
                }
            },
            "hostile_towards_factions": {
                "empire": true,
                "norska": true,
                "sarkonid": true,
                "xoltec": false,
                "witchbane": true,
                "nogg": true,
                "reiksgard": true,
                "shakayana": true,
                "zamurai": true,
                "buffloka": true,
                "zimba": true,
                "kong": false,
                "orc": true,
                "pirate": false,
                "elf": true,
                "dwarf": true,
                "hobbit": true,
                "ent": true,
                "gnome": true,
                "gremlin": true,
                "giant": true,
                "smingol": true,
                "minossian": false,
                "mindflayer": true,
                "guild": true,
                "sealsker": true,
                "vyncan": true,
                "lizardmen": false,
                "coven": false,
                "rakshasa": false,
                "icelord": false,
                "amazon": true,
                "ishtari": false,
                "barbarian": true,
                "klown": false,
                "evil": false,
                "good": true,
                "undead": false,
                "monster": false,
                "beast": false,
                "wizardly": true,
                "vampire": true,
                "demon": false
            },
            "targets": {
                "lists": [
                    "friendly"
                ]
            }
        },
        {
            "name": "pirate",
            "color": "cc7722",
            "standing_settings": {
                "player_default_standing": -1000,
                "standing_can_change": true,
                "standing_changes": {
                    "kill": -10,
                    "trade": 2
                }
            },
            "hostile_towards_factions": {
                "empire": true,
                "norska": true,
                "sarkonid": true,
                "xoltec": false,
                "witchbane": true,
                "nogg": true,
                "reiksgard": true,
                "shakayana": true,
                "zamurai": true,
                "buffloka": true,
                "zimba": true,
                "kong": false,
                "orc": false,
                "brigand": false,
                "pirate": false,
                "elf": true,
                "dwarf": true,
                "ent": true,
                "gnome": true,
                "gremlin": true,
                "giant": true,
                "hobbit": true,
                "smingol": true,
                "minossian": false,
                "mindflayer": true,
                "guild": true,
                "sealsker": true,
                "vyncan": true,
                "lizardmen": false,
                "coven": false,
                "rakshasa": false,
                "icelord": false,
                "amazon": true,
                "ishtari": false,
                "barbarian": true,
                "klown": false,
                "evil": false,
                "good": true,
                "undead": false,
                "monster": false,
                "beast": false,
                "wizardly": true,
                "vampire": true,
                "demon": false
            },
            "targets": {
                "lists": [
                    "friendly"
                ]
            }
        },
        {
            "name": "evil",
            "color": "000000",
            "standing_settings": {
                "player_default_standing": -1000,
                "standing_can_change": true,
                "standing_changes": {
                    "kill": -10,
                    "trade": 2
                }
            },
            "hostile_towards_factions": {
                "empire": true,
                "norska": true,
                "sarkonid": true,
                "xoltec": false,
                "witchbane": true,
                "nogg": true,
                "reiksgard": true,
                "shakayana": true,
                "zamurai": true,
                "buffloka": true,
                "zimba": true,
                "kong": false,
                "orc": false,
                "brigand": false,
                "pirate": false,
                "elf": true,
                "dwarf": true,
                "hobbit": true,
                "ent": true,
                "gnome": true,
                "gremlin": false,
                "giant": true,
                "smingol": true,
                "minossian": false,
                "mindflayer": true,
                "guild": true,
                "sealsker": true,
                "vyncan": true,
                "lizardmen": false,
                "coven": false,
                "rakshasa": false,
                "icelord": false,
                "amazon": true,
                "ishtari": false,
                "barbarian": true,
                "klown": false,
                "evil": false,
                "good": true,
                "undead": false,
                "monster": false,
                "beast": false,
                "wizardly": true,
                "vampire": false,
                "demon": false
            },
            "targets": {
                "lists": [
                    "friendly"
                ]
            },
            "themed_blocks": {
                "ancientwarfarestructure:altar_long_cloth": {
                    "color": 0
                },
                "ancientwarfarestructure:altar_short_cloth": {
                    "color": 0
                },
                "ancientwarfarestructure:altar_candle": {
                    "color": 0,
                    "flameColor": 16776960
                }
            }
        },
        {
            "name": "good",
            "color": "66b266",
            "standing_settings": {
                "player_default_standing": 50,
                "standing_can_change": true,
                "standing_changes": {
                    "kill": -10,
                    "trade": 2
                }
            },
            "hostile_towards_factions": {
                "empire": false,
                "norska": false,
                "sarkonid": false,
                "xoltec": true,
                "witchbane": true,
                "nogg": false,
                "reiksgard": false,
                "shakayana": false,
                "zamurai": false,
                "buffloka": false,
                "zimba": false,
                "kong": true,
                "orc": true,
                "brigand": true,
                "pirate": true,
                "elf": false,
                "dwarf": false,
                "ent": false,
                "gnome": false,
                "gremlin": true,
                "giant": true,
                "smingol": true,
                "minossian": true,
                "mindflayer": true,
                "guild": false,
                "sealsker": false,
                "vyncan": false,
                "lizardmen": true,
                "coven": true,
                "rakshasa": true,
                "icelord": true,
                "amazon": false,
                "ishtari": true,
                "barbarian": true,
                "klown": true,
                "evil": true,
                "hobbit": false,
                "undead": true,
                "monster": true,
                "beast": true,
                "wizardly": false,
                "vampire": true,
                "demon": true
            },
            "themed_blocks": {
                "ancientwarfarestructure:altar_long_cloth": {
                    "color": 3329330
                },
                "ancientwarfarestructure:altar_short_cloth": {
                    "color": 3329330
                },
                "ancientwarfarestructure:altar_candle": {
                    "color": 16777215,
                    "flameColor": 255
                }
            }
        },
        {
            "name": "undead",
            "color": "b2b2b2",
            "standing_settings": {
                "player_default_standing": -1000,
                "standing_can_change": true,
                "standing_changes": {
                    "kill": -10,
                    "trade": 2
                }
            },
            "hostile_towards_factions": {
                "empire": true,
                "norska": true,
                "sarkonid": true,
                "xoltec": false,
                "witchbane": true,
                "nogg": true,
                "reiksgard": true,
                "shakayana": true,
                "zamurai": true,
                "buffloka": true,
                "zimba": true,
                "kong": false,
                "orc": false,
                "brigand": false,
                "pirate": false,
                "elf": true,
                "dwarf": true,
                "hobbit": true,
                "ent": true,
                "gnome": true,
                "gremlin": false,
                "giant": true,
                "smingol": true,
                "minossian": false,
                "mindflayer": false,
                "guild": true,
                "sealsker": true,
                "vyncan": true,
                "lizardmen": false,
                "coven": false,
                "rakshasa": false,
                "icelord": false,
                "amazon": true,
                "ishtari": false,
                "barbarian": true,
                "klown": false,
                "evil": false,
                "good": true,
                "undead": false,
                "monster": false,
                "beast": false,
                "wizardly": true,
                "vampire": false,
                "demon": false
            },
            "targets": {
                "lists": [
                    "friendly"
                ]
            },
            "themed_blocks": {
                "ancientwarfarestructure:altar_long_cloth": {
                    "color": 8421504
                },
                "ancientwarfarestructure:altar_short_cloth": {
                    "color": 8421504
                },
                "ancientwarfarestructure:altar_candle": {
                    "color": 8421504,
                    "flameSmoke": 1
                }
            }
        },
        {
            "name": "demon",
            "color": "ff2400",
            "standing_settings": {
                "player_default_standing": -1000,
                "standing_can_change": true,
                "standing_changes": {
                    "kill": -10,
                    "trade": 2
                }
            },
            "hostile_towards_factions": {
                "empire": true,
                "norska": true,
                "sarkonid": true,
                "xoltec": false,
                "witchbane": true,
                "nogg": true,
                "reiksgard": true,
                "shakayana": true,
                "zamurai": true,
                "buffloka": true,
                "zimba": true,
                "kong": false,
                "orc": false,
                "brigand": false,
                "pirate": false,
                "elf": true,
                "dwarf": true,
                "hobbit": true,
                "ent": true,
                "gnome": true,
                "gremlin": false,
                "giant": true,
                "smingol": true,
                "minossian": false,
                "mindflayer": false,
                "guild": true,
                "sealsker": true,
                "vyncan": true,
                "lizardmen": false,
                "coven": false,
                "rakshasa": false,
                "icelord": false,
                "amazon": true,
                "ishtari": false,
                "barbarian": true,
                "klown": false,
                "evil": false,
                "good": true,
                "undead": false,
                "monster": false,
                "beast": false,
                "wizardly": true,
                "vampire": false,
                "demon": false
            },
            "targets": {
                "lists": [
                    "friendly"
                ]
            },
            "themed_blocks": {
                "ancientwarfarestructure:altar_long_cloth": {
                    "color": 16720896
                },
                "ancientwarfarestructure:altar_short_cloth": {
                    "color": 16720896
                },
                "ancientwarfarestructure:altar_candle": {
                    "color": 16711680,
                    "flameColor": 16711680
                }
            }
        },
        {
            "name": "coven",
            "color": "000000",
            "standing_settings": {
                "player_default_standing": -1000,
                "standing_can_change": true,
                "standing_changes": {
                    "kill": -10,
                    "trade": 2
                }
            },
            "hostile_towards_factions": {
                "empire": true,
                "norska": true,
                "sarkonid": true,
                "xoltec": false,
                "witchbane": true,
                "nogg": true,
                "reiksgard": true,
                "shakayana": true,
                "zamurai": true,
                "buffloka": true,
                "zimba": true,
                "kong": false,
                "orc": false,
                "brigand": false,
                "pirate": false,
                "elf": true,
                "dwarf": true,
                "hobbit": true,
                "ent": true,
                "gnome": true,
                "gremlin": false,
                "giant": false,
                "smingol": true,
                "minossian": false,
                "mindflayer": false,
                "guild": true,
                "sealsker": true,
                "vyncan": true,
                "lizardmen": false,
                "coven": false,
                "rakshasa": false,
                "icelord": false,
                "amazon": true,
                "ishtari": false,
                "barbarian": true,
                "klown": false,
                "evil": false,
                "good": true,
                "undead": false,
                "monster": false,
                "beast": false,
                "wizardly": true,
                "vampire": false,
                "demon": false
            },
            "targets": {
                "lists": [
                    "friendly"
                ]
            }
        },
        {
            "name": "elf",
            "color": "66b266",
            "standing_settings": {
                "player_default_standing": 50,
                "standing_can_change": true,
                "standing_changes": {
                    "kill": -10,
                    "trade": 2
                }
            },
            "hostile_towards_factions": {
                "empire": false,
                "norska": false,
                "sarkonid": false,
                "xoltec": true,
                "witchbane": true,
                "nogg": false,
                "reiksgard": true,
                "shakayana": true,
                "zamurai": true,
                "buffloka": false,
                "zimba": false,
                "kong": true,
                "orc": true,
                "brigand": true,
                "pirate": true,
                "hobbit": false,
                "dwarf": false,
                "ent": false,
                "gnome": false,
                "gremlin": true,
                "giant": true,
                "smingol": true,
                "minossian": true,
                "mindflayer": true,
                "guild": false,
                "sealsker": false,
                "vyncan": false,
                "lizardmen": true,
                "coven": true,
                "rakshasa": true,
                "icelord": true,
                "amazon": false,
                "ishtari": true,
                "barbarian": true,
                "klown": true,
                "evil": true,
                "good": false,
                "undead": true,
                "monster": true,
                "beast": true,
                "wizardly": false,
                "vampire": true,
                "demon": true
            }
        },
        {
            "name": "barbarian",
            "color": "802B00",
            "standing_settings": {
                "player_default_standing": -1000,
                "standing_can_change": true,
                "standing_changes": {
                    "kill": -10,
                    "trade": 2
                }
            },
            "hostile_towards_factions": {
                "empire": true,
                "norska": true,
                "sarkonid": true,
                "xoltec": true,
                "witchbane": true,
                "nogg": true,
                "shakayana": true,
                "reiksgard": true,
                "zamurai": true,
                "buffloka": true,
                "zimba": true,
                "kong": true,
                "orc": true,
                "brigand": true,
                "pirate": true,
                "elf": true,
                "dwarf": true,
                "hobbit": true,
                "ent": true,
                "gnome": true,
                "gremlin": true,
                "giant": true,
                "smingol": true,
                "minossian": true,
                "mindflayer": true,
                "guild": true,
                "sealsker": true,
                "vyncan": true,
                "lizardmen": true,
                "coven": true,
                "rakshasa": true,
                "icelord": true,
                "amazon": true,
                "ishtari": true,
                "klown": true,
                "evil": true,
                "good": true,
                "undead": true,
                "monster": true,
                "beast": true,
                "wizardly": true,
                "vampire": true,
                "demon": false
            }
        },
        {
            "name": "dwarf",
            "color": "77b266",
            "standing_settings": {
                "player_default_standing": 50,
                "standing_can_change": true,
                "standing_changes": {
                    "kill": -10,
                    "trade": 2
                }
            },
            "hostile_towards_factions": {
                "empire": false,
                "norska": false,
                "sarkonid": false,
                "xoltec": true,
                "witchbane": true,
                "nogg": false,
                "reiksgard": true,
                "shakayana": true,
                "zamurai": true,
                "buffloka": false,
                "zimba": false,
                "kong": true,
                "orc": true,
                "brigand": true,
                "pirate": true,
                "elf": false,
                "hobbit": false,
                "ent": false,
                "gnome": false,
                "gremlin": true,
                "giant": true,
                "smingol": true,
                "minossian": true,
                "mindflayer": true,
                "guild": false,
                "sealsker": false,
                "vyncan": false,
                "lizardmen": true,
                "coven": true,
                "rakshasa": true,
                "icelord": true,
                "amazon": false,
                "ishtari": true,
                "barbarian": true,
                "klown": true,
                "evil": true,
                "good": false,
                "undead": true,
                "monster": true,
                "beast": true,
                "wizardly": false,
                "vampire": true,
                "demon": true
            }
        },
        {
            "name": "shakayana",
            "color": "88b266",
            "standing_settings": {
                "player_default_standing": 20,
                "standing_can_change": true,
                "standing_changes": {
                    "kill": -10,
                    "trade": 2
                }
            },
            "hostile_towards_factions": {
                "empire": true,
                "norska": true,
                "sarkonid": true,
                "xoltec": true,
                "witchbane": true,
                "nogg": false,
                "reiksgard": true,
                "dwarf": true,
                "zamurai": true,
                "buffloka": true,
                "zimba": true,
                "kong": true,
                "orc": true,
                "brigand": true,
                "pirate": true,
                "elf": true,
                "hobbit": true,
                "ent": true,
                "gnome": true,
                "gremlin": true,
                "giant": true,
                "smingol": true,
                "minossian": true,
                "mindflayer": true,
                "guild": false,
                "sealsker": true,
                "vyncan": true,
                "lizardmen": true,
                "coven": true,
                "rakshasa": true,
                "icelord": true,
                "amazon": true,
                "ishtari": true,
                "barbarian": true,
                "klown": true,
                "evil": true,
                "good": false,
                "undead": true,
                "monster": true,
                "beast": true,
                "wizardly": false,
                "vampire": true,
                "demon": true
            }
        },
        {
            "name": "smingol",
            "color": "FFD700",
            "standing_settings": {
                "player_default_standing": -1000,
                "standing_can_change": true,
                "standing_changes": {
                    "kill": -10,
                    "trade": 2
                }
            },
            "hostile_towards_factions": {
                "empire": true,
                "norska": true,
                "sarkonid": true,
                "xoltec": true,
                "witchbane": true,
                "nogg": true,
                "reiksgard": true,
                "shakayana": true,
                "zamurai": true,
                "buffloka": true,
                "zimba": true,
                "kong": true,
                "orc": true,
                "brigand": true,
                "pirate": true,
                "elf": true,
                "dwarf": true,
                "hobbit": true,
                "ent": true,
                "gnome": true,
                "gremlin": true,
                "giant": true,
                "minossian": true,
                "mindflayer": true,
                "guild": true,
                "sealsker": true,
                "vyncan": true,
                "lizardmen": true,
                "coven": true,
                "rakshasa": true,
                "icelord": true,
                "amazon": true,
                "ishtari": true,
                "barbarian": true,
                "klown": true,
                "evil": true,
                "good": true,
                "undead": true,
                "monster": true,
                "beast": true,
                "wizardly": true,
                "vampire": true,
                "demon": true
            },
            "targets": {
                "lists": [
                    "friendly"
                ]
            }
        },
        {
            "name": "lizardman",
            "color": "576500",
            "standing_settings": {
                "player_default_standing": -1000,
                "standing_can_change": true,
                "standing_changes": {
                    "kill": -10,
                    "trade": 2
                }
            },
            "hostile_towards_factions": {
                "empire": true,
                "norska": true,
                "sarkonid": true,
                "xoltec": false,
                "witchbane": true,
                "nogg": true,
                "reiksgard": true,
                "shakayana": true,
                "zamurai": true,
                "buffloka": true,
                "zimba": true,
                "kong": false,
                "orc": false,
                "brigand": true,
                "pirate": false,
                "elf": true,
                "dwarf": true,
                "hobbit": true,
                "ent": true,
                "gnome": true,
                "gremlin": true,
                "giant": true,
                "smingol": true,
                "minossian": true,
                "mindflayer": true,
                "guild": true,
                "sealsker": true,
                "vyncan": true,
                "coven": false,
                "rakshasa": false,
                "icelord": false,
                "amazon": true,
                "ishtari": false,
                "barbarian": true,
                "klown": false,
                "evil": false,
                "good": true,
                "undead": false,
                "monster": false,
                "beast": false,
                "wizardly": true,
                "vampire": false,
                "demon": false
            },
            "targets": {
                "lists": [
                    "friendly"
                ]
            }
        },
        {
            "name": "mindflayer",
            "color": "777500",
            "standing_settings": {
                "player_default_standing": -1000,
                "standing_can_change": true,
                "standing_changes": {
                    "kill": -10,
                    "trade": 2
                }
            },
            "hostile_towards_factions": {
                "empire": true,
                "norska": true,
                "sarkonid": true,
                "xoltec": false,
                "witchbane": true,
                "nogg": true,
                "reiksgard": true,
                "shakayana": true,
                "zamurai": true,
                "buffloka": true,
                "zimba": true,
                "kong": false,
                "orc": false,
                "brigand": true,
                "pirate": false,
                "elf": true,
                "dwarf": true,
                "hobbit": true,
                "ent": true,
                "gnome": true,
                "gremlin": true,
                "giant": true,
                "smingol": true,
                "minossian": true,
                "lizardmen": true,
                "guild": true,
                "sealsker": true,
                "vyncan": true,
                "coven": false,
                "rakshasa": false,
                "icelord": false,
                "amazon": true,
                "ishtari": false,
                "barbarian": true,
                "klown": false,
                "evil": false,
                "good": true,
                "undead": false,
                "monster": false,
                "beast": false,
                "wizardly": true,
                "vampire": false,
                "demon": false
            },
            "targets": {
                "lists": [
                    "friendly"
                ]
            }
        },
        {
            "name": "zamurai",
            "color": "376500",
            "standing_settings": {
                "player_default_standing": 20,
                "standing_can_change": true,
                "standing_changes": {
                    "kill": -10,
                    "trade": 2
                }
            },
            "hostile_towards_factions": {
                "empire": true,
                "norska": true,
                "sarkonid": true,
                "xoltec": true,
                "witchbane": true,
                "nogg": false,
                "reiksgard": true,
                "shakayana": true,
                "lizardmen": true,
                "buffloka": true,
                "zimba": true,
                "kong": true,
                "orc": true,
                "brigand": true,
                "pirate": true,
                "elf": true,
                "dwarf": true,
                "hobbit": true,
                "ent": true,
                "gnome": true,
                "gremlin": true,
                "giant": true,
                "smingol": true,
                "minossian": true,
                "mindflayer": true,
                "guild": false,
                "sealsker": true,
                "vyncan": true,
                "coven": true,
                "rakshasa": true,
                "icelord": true,
                "amazon": true,
                "ishtari": true,
                "barbarian": true,
                "klown": true,
                "evil": true,
                "good": true,
                "undead": true,
                "monster": true,
                "beast": true,
                "wizardly": true,
                "vampire": true,
                "demon": true
            }
        },
        {
            "name": "rakshasa",
            "color": "d7bf00",
            "standing_settings": {
                "player_default_standing": -1000,
                "standing_can_change": true,
                "standing_changes": {
                    "kill": -10,
                    "trade": 2
                }
            },
            "hostile_towards_factions": {
                "empire": true,
                "norska": true,
                "sarkonid": true,
                "xoltec": false,
                "witchbane": true,
                "nogg": true,
                "reiksgard": true,
                "shakayana": true,
                "zamurai": true,
                "buffloka": true,
                "zimba": true,
                "kong": false,
                "orc": false,
                "brigand": false,
                "pirate": false,
                "elf": true,
                "dwarf": true,
                "hobbit": true,
                "ent": true,
                "gnome": true,
                "gremlin": false,
                "giant": false,
                "smingol": true,
                "minossian": false,
                "mindflayer": false,
                "guild": true,
                "sealsker": true,
                "vyncan": true,
                "lizardmen": false,
                "coven": false,
                "icelord": false,
                "amazon": true,
                "ishtari": false,
                "barbarian": true,
                "klown": false,
                "evil": false,
                "good": true,
                "undead": false,
                "monster": false,
                "beast": false,
                "wizardly": true,
                "vampire": false,
                "demon": false
            },
            "targets": {
                "lists": [
                    "friendly"
                ]
            }
        },
        {
            "name": "klown",
            "color": "FFC0CB",
            "standing_settings": {
                "player_default_standing": -1000,
                "standing_can_change": true,
                "standing_changes": {
                    "kill": -10,
                    "trade": 2
                }
            },
            "hostile_towards_factions": {
                "empire": true,
                "norska": true,
                "sarkonid": true,
                "xoltec": false,
                "witchbane": true,
                "reiksgard": true,
                "nogg": true,
                "shakayana": true,
                "zamurai": true,
                "buffloka": true,
                "zimba": true,
                "kong": false,
                "orc": false,
                "brigand": false,
                "pirate": false,
                "elf": true,
                "dwarf": true,
                "hobbit": true,
                "ent": true,
                "gnome": true,
                "gremlin": false,
                "giant": false,
                "smingol": true,
                "minossian": false,
                "mindflayer": false,
                "guild": true,
                "sealsker": true,
                "vyncan": true,
                "lizardmen": false,
                "coven": false,
                "rakshasa": false,
                "icelord": false,
                "amazon": true,
                "ishtari": false,
                "barbarian": true,
                "evil": false,
                "good": true,
                "undead": false,
                "monster": false,
                "beast": false,
                "wizardly": true,
                "vampire": false,
                "demon": false
            },
            "targets": {
                "lists": [
                    "friendly"
                ]
            }
        },
        {
            "name": "ishtari",
            "color": "fed000",
            "standing_settings": {
                "player_default_standing": -1000,
                "standing_can_change": true,
                "standing_changes": {
                    "kill": -10,
                    "trade": 2
                }
            },
            "hostile_towards_factions": {
                "empire": true,
                "norska": true,
                "sarkonid": true,
                "xoltec": false,
                "witchbane": true,
                "nogg": true,
                "reiksgard": true,
                "shakayana": true,
                "zamurai": true,
                "buffloka": true,
                "zimba": true,
                "kong": false,
                "orc": false,
                "brigand": false,
                "pirate": false,
                "elf": true,
                "dwarf": true,
                "hobbit": true,
                "ent": true,
                "gnome": true,
                "gremlin": false,
                "giant": true,
                "smingol": true,
                "minossian": false,
                "mindflayer": false,
                "guild": true,
                "sealsker": true,
                "vyncan": true,
                "lizardmen": false,
                "coven": false,
                "rakshasa": false,
                "icelord": false,
                "amazon": true,
                "barbarian": true,
                "klown": false,
                "evil": false,
                "good": true,
                "undead": false,
                "monster": false,
                "beast": false,
                "wizardly": true,
                "vampire": false,
                "demon": false
            },
            "targets": {
                "lists": [
                    "friendly"
                ]
            }
        },
        {
            "name": "icelord",
            "color": "3c9f9c",
            "standing_settings": {
                "player_default_standing": -1000,
                "standing_can_change": true,
                "standing_changes": {
                    "kill": -10,
                    "trade": 2
                }
            },
            "hostile_towards_factions": {
                "empire": true,
                "norska": true,
                "sarkonid": true,
                "xoltec": true,
                "witchbane": true,
                "reiksgard": true,
                "nogg": true,
                "shakayana": true,
                "zamurai": true,
                "buffloka": true,
                "zimba": true,
                "kong": false,
                "orc": false,
                "brigand": true,
                "pirate": true,
                "elf": true,
                "dwarf": true,
                "hobbit": true,
                "ent": true,
                "gnome": true,
                "gremlin": true,
                "giant": true,
                "smingol": true,
                "minossian": true,
                "mindflayer": true,
                "guild": true,
                "sealsker": true,
                "vyncan": true,
                "lizardmen": true,
                "coven": true,
                "rakshasa": true,
                "amazon": true,
                "ishtari": false,
                "barbarian": true,
                "klown": false,
                "evil": false,
                "good": true,
                "undead": false,
                "monster": true,
                "beast": true,
                "wizardly": true,
                "vampire": false,
                "demon": false
            },
            "targets": {
                "lists": [
                    "friendly"
                ]
            }
        },
        {
            "name": "guild",
            "color": "007cc9",
            "standing_settings": {
                "player_default_standing": 20,
                "standing_can_change": true,
                "standing_changes": {
                    "kill": -10,
                    "trade": 2
                }
            },
            "hostile_towards_factions": {
                "empire": false,
                "norska": false,
                "sarkonid": false,
                "xoltec": true,
                "witchbane": false,
                "nogg": false,
                "reiksgard": false,
                "shakayana": false,
                "zamurai": false,
                "buffloka": false,
                "zimba": false,
                "kong": true,
                "orc": true,
                "brigand": true,
                "pirate": true,
                "elf": false,
                "dwarf": false,
                "ent": false,
                "gnome": false,
                "gremlin": true,
                "giant": true,
                "smingol": true,
                "minossian": true,
                "mindflayer": true,
                "hobbit": false,
                "sealsker": false,
                "vyncan": false,
                "lizardmen": true,
                "coven": true,
                "rakshasa": true,
                "icelord": true,
                "amazon": false,
                "ishtari": true,
                "barbarian": false,
                "klown": true,
                "evil": true,
                "good": false,
                "undead": true,
                "monster": true,
                "beast": true,
                "wizardly": false,
                "vampire": true,
                "demon": true
            }
        },
        {
            "name": "wizardly",
            "color": "aa3fd8",
            "standing_settings": {
                "player_default_standing": 20,
                "standing_can_change": true,
                "standing_changes": {
                    "kill": -10,
                    "trade": 2
                }
            },
            "hostile_towards_factions": {
                "empire": false,
                "norska": false,
                "sarkonid": false,
                "xoltec": true,
                "witchbane": false,
                "nogg": false,
                "reiksgard": false,
                "shakayana": false,
                "zamurai": false,
                "buffloka": false,
                "zimba": false,
                "kong": true,
                "orc": true,
                "brigand": true,
                "pirate": true,
                "elf": false,
                "dwarf": false,
                "ent": false,
                "gnome": false,
                "gremlin": true,
                "giant": true,
                "smingol": true,
                "minossian": true,
                "mindflayer": true,
                "hobbit": false,
                "sealsker": false,
                "vyncan": false,
                "lizardmen": true,
                "coven": true,
                "rakshasa": true,
                "icelord": true,
                "amazon": false,
                "ishtari": true,
                "barbarian": false,
                "klown": true,
                "evil": true,
                "good": false,
                "undead": true,
                "monster": true,
                "beast": true,
                "guild": false,
                "vampire": true,
                "demon": true
            }
        },
        {
            "name": "amazon",
            "color": "d34848",
            "standing_settings": {
                "player_default_standing": 20,
                "standing_can_change": true,
                "standing_changes": {
                    "kill": -10,
                    "trade": 2
                }
            },
            "hostile_towards_factions": {
                "empire": true,
                "norska": false,
                "sarkonid": false,
                "xoltec": true,
                "witchbane": true,
                "nogg": false,
                "reiksgard": true,
                "shakayana": true,
                "zamurai": true,
                "buffloka": false,
                "zimba": false,
                "kong": true,
                "orc": true,
                "brigand": true,
                "pirate": true,
                "elf": false,
                "dwarf": false,
                "ent": false,
                "gnome": false,
                "gremlin": true,
                "giant": true,
                "smingol": true,
                "minossian": true,
                "mindflayer": true,
                "guild": false,
                "sealsker": false,
                "vyncan": false,
                "lizardmen": true,
                "coven": true,
                "rakshasa": true,
                "icelord": true,
                "hobbit": false,
                "ishtari": true,
                "barbarian": true,
                "klown": true,
                "evil": true,
                "good": false,
                "undead": true,
                "monster": true,
                "beast": true,
                "wizardly": false,
                "vampire": true,
                "demon": true
            }
        },
        {
            "name": "minossian",
            "color": "456689",
            "standing_settings": {
                "player_default_standing": -1000,
                "standing_can_change": true,
                "standing_changes": {
                    "kill": -10,
                    "trade": 2
                }
            },
            "hostile_towards_factions": {
                "empire": true,
                "norska": true,
                "sarkonid": true,
                "xoltec": false,
                "witchbane": true,
                "nogg": true,
                "reiksgard": true,
                "shakayana": true,
                "zamurai": true,
                "buffloka": true,
                "zimba": true,
                "kong": false,
                "orc": false,
                "brigand": false,
                "pirate": false,
                "elf": true,
                "dwarf": true,
                "hobbit": true,
                "ent": true,
                "gnome": true,
                "gremlin": false,
                "giant": true,
                "smingol": true,
                "mindflayer": false,
                "guild": true,
                "sealsker": true,
                "vyncan": true,
                "lizardmen": false,
                "coven": false,
                "rakshasa": false,
                "icelord": false,
                "amazon": true,
                "ishtari": false,
                "barbarian": true,
                "klown": false,
                "evil": false,
                "good": true,
                "undead": false,
                "monster": false,
                "beast": false,
                "wizardly": true,
                "vampire": false,
                "demon": false
            },
            "targets": {
                "lists": [
                    "friendly"
                ]
            }
        },
        {
            "name": "sealsker",
            "color": "6666FF",
            "standing_settings": {
                "player_default_standing": 50,
                "standing_can_change": true,
                "standing_changes": {
                    "kill": -10,
                    "trade": 2
                }
            },
            "hostile_towards_factions": {
                "empire": true,
                "norska": false,
                "sarkonid": false,
                "xoltec": true,
                "witchbane": true,
                "nogg": false,
                "reiksgard": false,
                "shakayana": true,
                "zamurai": true,
                "buffloka": false,
                "zimba": false,
                "kong": true,
                "orc": true,
                "brigand": true,
                "pirate": true,
                "elf": false,
                "dwarf": false,
                "smingol": true,
                "minossian": true,
                "mindflayer": true,
                "guild": false,
                "hobbit": false,
                "ent": false,
                "gnome": false,
                "gremlin": true,
                "giant": true,
                "vyncan": false,
                "lizardmen": true,
                "coven": true,
                "rakshasa": true,
                "icelord": true,
                "amazon": false,
                "ishtari": true,
                "barbarian": true,
                "klown": true,
                "evil": true,
                "good": false,
                "undead": true,
                "monster": true,
                "beast": true,
                "wizardly": false,
                "vampire": true,
                "demon": true
            }
        },
        {
            "name": "vyncan",
            "color": "6666FF",
            "standing_settings": {
                "player_default_standing": 20,
                "standing_can_change": true,
                "standing_changes": {
                    "kill": -10,
                    "trade": 2
                }
            },
            "hostile_towards_factions": {
                "empire": true,
                "norska": false,
                "sarkonid": false,
                "xoltec": true,
                "witchbane": true,
                "nogg": false,
                "reiksgard": true,
                "shakayana": true,
                "zamurai": true,
                "buffloka": false,
                "zimba": false,
                "kong": true,
                "orc": true,
                "brigand": true,
                "pirate": true,
                "elf": false,
                "dwarf": false,
                "ent": false,
                "gnome": false,
                "giant": true,
                "smingol": true,
                "minossian": true,
                "mindflayer": true,
                "guild": false,
                "sealsker": false,
                "hobbit": false,
                "gremlin": true,
                "lizardmen": true,
                "coven": true,
                "rakshasa": true,
                "icelord": true,
                "amazon": false,
                "ishtari": true,
                "barbarian": true,
                "klown": true,
                "evil": true,
                "good": false,
                "undead": true,
                "monster": true,
                "beast": true,
                "wizardly": false,
                "vampire": true,
                "demon": true
            }
        },
        {
            "name": "hobbit",
            "color": "6666FF",
            "standing_settings": {
                "player_default_standing": 20,
                "standing_can_change": true,
                "standing_changes": {
                    "kill": -10,
                    "trade": 2
                }
            },
            "hostile_towards_factions": {
                "empire": false,
                "norska": false,
                "sarkonid": false,
                "xoltec": true,
                "witchbane": true,
                "nogg": false,
                "reiksgard": false,
                "shakayana": true,
                "zamurai": true,
                "buffloka": false,
                "zimba": false,
                "kong": true,
                "orc": true,
                "brigand": true,
                "pirate": true,
                "elf": false,
                "dwarf": false,
                "ent": false,
                "gnome": false,
                "gremlin": true,
                "giant": true,
                "smingol": true,
                "minossian": true,
                "mindflayer": true,
                "guild": false,
                "sealsker": false,
                "vyncan": false,
                "lizardmen": true,
                "coven": true,
                "rakshasa": true,
                "icelord": true,
                "amazon": false,
                "ishtari": true,
                "barbarian": true,
                "klown": true,
                "evil": true,
                "good": false,
                "undead": true,
                "monster": true,
                "beast": true,
                "wizardly": false,
                "vampire": true,
                "demon": true
            }
        },
        {
            "name": "monster",
            "color": "FFC0CB",
            "standing_settings": {
                "player_default_standing": -1000,
                "standing_can_change": true,
                "standing_changes": {
                    "kill": -10,
                    "trade": 2
                }
            },
            "hostile_towards_factions": {
                "empire": true,
                "norska": true,
                "sarkonid": true,
                "xoltec": false,
                "witchbane": true,
                "nogg": true,
                "reiksgard": true,
                "shakayana": true,
                "zamurai": true,
                "buffloka": true,
                "zimba": true,
                "kong": false,
                "orc": false,
                "brigand": false,
                "pirate": false,
                "elf": true,
                "dwarf": true,
                "hobbit": true,
                "ent": true,
                "gnome": true,
                "gremlin": false,
                "giant": true,
                "smingol": true,
                "minossian": false,
                "mindflayer": false,
                "guild": true,
                "sealsker": true,
                "vyncan": true,
                "lizardmen": false,
                "coven": false,
                "rakshasa": false,
                "icelord": false,
                "amazon": true,
                "ishtari": false,
                "barbarian": true,
                "klown": false,
                "evil": false,
                "good": true,
                "undead": false,
                "vampire": false,
                "beast": false,
                "wizardly": true,
                "demon": false
            },
            "targets": {
                "lists": [
                    "friendly"
                ]
            }
        },
        {
            "name": "beast",
            "color": "FFC0CB",
            "standing_settings": {
                "player_default_standing": -1000,
                "standing_can_change": true,
                "standing_changes": {
                    "kill": -10,
                    "trade": 2
                }
            },
            "hostile_towards_factions": {
                "empire": true,
                "norska": true,
                "sarkonid": true,
                "xoltec": false,
                "witchbane": true,
                "nogg": true,
                "reiksgard": true,
                "shakayana": true,
                "zamurai": true,
                "buffloka": true,
                "zimba": true,
                "kong": false,
                "orc": false,
                "brigand": false,
                "pirate": false,
                "elf": true,
                "dwarf": true,
                "hobbit": true,
                "ent": true,
                "gnome": true,
                "gremlin": false,
                "giant": true,
                "smingol": true,
                "minossian": false,
                "mindflayer": false,
                "guild": true,
                "sealsker": true,
                "vyncan": true,
                "lizardmen": false,
                "coven": false,
                "rakshasa": false,
                "icelord": false,
                "amazon": true,
                "ishtari": false,
                "barbarian": true,
                "klown": false,
                "evil": false,
                "good": true,
                "undead": false,
                "vampire": false,
                "monster": false,
                "wizardly": true,
                "demon": false
            },
            "targets": {
                "lists": [
                    "friendly"
                ]
            }
        },
        {
            "name": "ent",
            "color": "6666FF",
            "standing_settings": {
                "player_default_standing": 20,
                "standing_can_change": true,
                "standing_changes": {
                    "kill": -10,
                    "trade": 2
                }
            },
            "hostile_towards_factions": {
                "empire": false,
                "norska": false,
                "sarkonid": false,
                "xoltec": true,
                "witchbane": true,
                "nogg": false,
                "reiksgard": false,
                "shakayana": true,
                "zamurai": true,
                "buffloka": false,
                "zimba": false,
                "kong": true,
                "orc": true,
                "brigand": true,
                "pirate": true,
                "elf": false,
                "dwarf": false,
                "hobbit": false,
                "gnome": false,
                "gremlin": true,
                "giant": true,
                "smingol": true,
                "minossian": true,
                "mindflayer": true,
                "guild": false,
                "sealsker": false,
                "vyncan": false,
                "lizardmen": true,
                "coven": true,
                "rakshasa": true,
                "icelord": true,
                "amazon": false,
                "ishtari": true,
                "barbarian": true,
                "klown": true,
                "evil": true,
                "good": false,
                "undead": true,
                "monster": true,
                "beast": true,
                "wizardly": false,
                "vampire": true,
                "demon": true
            }
        },
        {
            "name": "gnome",
            "color": "6666FF",
            "standing_settings": {
                "player_default_standing": 20,
                "standing_can_change": true,
                "standing_changes": {
                    "kill": -10,
                    "trade": 2
                }
            },
            "hostile_towards_factions": {
                "empire": false,
                "norska": false,
                "sarkonid": false,
                "xoltec": true,
                "witchbane": true,
                "nogg": false,
                "reiksgard": false,
                "shakayana": true,
                "zamurai": true,
                "buffloka": false,
                "zimba": false,
                "kong": true,
                "orc": true,
                "brigand": true,
                "pirate": true,
                "elf": false,
                "dwarf": false,
                "ent": false,
                "hobbit": false,
                "gremlin": true,
                "giant": true,
                "smingol": true,
                "minossian": true,
                "mindflayer": true,
                "guild": false,
                "sealsker": false,
                "vyncan": false,
                "lizardmen": true,
                "coven": true,
                "rakshasa": true,
                "icelord": true,
                "amazon": false,
                "ishtari": true,
                "barbarian": true,
                "klown": true,
                "evil": true,
                "good": false,
                "undead": true,
                "monster": true,
                "beast": true,
                "wizardly": false,
                "vampire": true,
                "demon": true
            }
        },
        {
            "name": "gremlin",
            "color": "FFC0CB",
            "standing_settings": {
                "player_default_standing": -1000,
                "standing_can_change": true,
                "standing_changes": {
                    "kill": -10,
                    "trade": 2
                }
            },
            "hostile_towards_factions": {
                "empire": true,
                "norska": true,
                "sarkonid": true,
                "xoltec": false,
                "witchbane": true,
                "nogg": true,
                "reiksgard": true,
                "shakayana": true,
                "zamurai": true,
                "buffloka": true,
                "zimba": true,
                "kong": false,
                "orc": false,
                "brigand": false,
                "pirate": false,
                "elf": true,
                "dwarf": true,
                "hobbit": true,
                "ent": true,
                "gnome": true,
                "giant": true,
                "smingol": true,
                "minossian": true,
                "mindflayer": true,
                "guild": true,
                "sealsker": true,
                "vyncan": true,
                "lizardmen": false,
                "coven": false,
                "rakshasa": false,
                "icelord": false,
                "amazon": true,
                "ishtari": false,
                "barbarian": true,
                "klown": false,
                "evil": false,
                "good": true,
                "undead": false,
                "monster": false,
                "beast": false,
                "wizardly": true,
                "vampire": false,
                "demon": false
            },
            "targets": {
                "lists": [
                    "friendly"
                ]
            }
        },
        {
            "name": "vampire",
            "color": "320000",
            "standing_settings": {
                "player_default_standing": -1000,
                "standing_can_change": true,
                "standing_changes": {
                    "kill": -10,
                    "trade": 2
                }
            },
            "hostile_towards_factions": {
                "empire": true,
                "norska": true,
                "sarkonid": true,
                "xoltec": false,
                "witchbane": true,
                "nogg": true,
                "reiksgard": true,
                "shakayana": true,
                "zamurai": true,
                "buffloka": true,
                "zimba": true,
                "kong": false,
                "orc": false,
                "brigand": false,
                "pirate": false,
                "elf": true,
                "dwarf": true,
                "hobbit": true,
                "ent": true,
                "gnome": true,
                "giant": true,
                "smingol": true,
                "minossian": true,
                "mindflayer": true,
                "guild": true,
                "sealsker": true,
                "vyncan": true,
                "lizardmen": false,
                "coven": false,
                "rakshasa": false,
                "icelord": false,
                "amazon": true,
                "ishtari": false,
                "barbarian": true,
                "klown": false,
                "evil": false,
                "good": true,
                "undead": false,
                "monster": false,
                "beast": false,
                "wizardly": true,
                "gremlin": false,
                "demon": false
            },
            "targets": {
                "lists": [
                    "friendly"
                ]
            }
        },
        {
            "name": "giant",
            "color": "FFC0CB",
            "standing_settings": {
                "player_default_standing": -1000,
                "standing_can_change": true,
                "standing_changes": {
                    "kill": -10,
                    "trade": 2
                }
            },
            "hostile_towards_factions": {
                "empire": true,
                "norska": true,
                "sarkonid": true,
                "xoltec": true,
                "witchbane": true,
                "nogg": true,
                "shakayana": true,
                "zamurai": true,
                "buffloka": true,
                "zimba": true,
                "kong": true,
                "orc": true,
                "brigand": true,
                "pirate": true,
                "elf": true,
                "dwarf": true,
                "hobbit": true,
                "ent": true,
                "gnome": true,
                "gremlin": true,
                "monster": true,
                "smingol": true,
                "minossian": true,
                "mindflayer": true,
                "guild": true,
                "sealsker": true,
                "vyncan": true,
                "lizardmen": true,
                "coven": false,
                "rakshasa": false,
                "icelord": true,
                "amazon": true,
                "ishtari": true,
                "barbarian": true,
                "klown": false,
                "evil": false,
                "good": true,
                "undead": true,
                "vampire": true,
                "beast": true,
                "wizardly": true,
                "demon": true
            },
            "targets": {
                "lists": [
                    "friendly"
                ]
            }
        }
    ]
}