{
    "comment": "These qualities will apply for bows, and possibly for guns from
                other mods if they extend the vanilla bow class. For more info
                about how to edit this file and add more files, visit 
                https://bitbucket.org/Tmtravlr/qualitytools/wiki/Home",
    
    "slot": [
        "mainhand",
        "offhand"
    ],
    "whitelist": [
      {
        "class": "ItemBow"
	},
	{
	"class": "ItemCrossbow"
	},
	{
	"class": "ItemThrowingKnife"
	},
	{
	"class": "ItemThrowingAxe"
	},
	{
	"class": "ItemJavelin"
	},
	{
	"class": "ItemBoomerang"
	}
    ],
    "blacklist": [
    
    ],
    "qualities": [
      {
        "name": "Poor",
        "color": "gray",
        "weight": 250,
        "attributes": [
          {
            "name": "potioncore.projectileDamage",
            "amount": -0.50,
            "operation": 0
          }
        ]
      },
	  {
        "name": "Common",
        "color": "white",
        "weight": 1000,
        "attributes": [
                    {
            "name": "potioncore.projectileDamage",
            "amount": 1.0,
            "operation": 0
          }
        ]
      },
      {
        "name": "Uncommon",
        "color": "green",
        "weight": 500,
        "attributes": [
                    {
            "name": "potioncore.projectileDamage",
            "amount": 2.0,
            "operation": 0
          }
        ]
      },
      {
        "name": "Rare",
        "color": "blue",
        "weight": 250,
        "attributes": [
          {
            "name": "potioncore.projectileDamage",
            "amount": 3.0,
            "operation": 0
          }
        ]
      },
      {
        "name": "Epic",
        "color": "dark_purple",
        "weight": 100,
        "attributes": [
           {
            "name": "potioncore.projectileDamage",
            "amount": 4.0,
            "operation": 0
          }
        ]
      },
      {
        "name": "Legendary",
        "color": "light_purple",
        "weight": 60,
        "attributes": [
           {
            "name": "potioncore.projectileDamage",
            "amount": 5.0,
            "operation": 0
          }
        ]
      },
      {
        "name": "Mythic",
        "color": "dark_red",
        "weight": 45,
        "attributes": [
           {
            "name": "potioncore.projectileDamage",
            "amount": 6.0,
            "operation": 0
          }
        ]
      },
      {
        "name": "Divine",
        "color": "gold",
        "weight": 25,
        "attributes": [
           {
            "name": "potioncore.projectileDamage",
            "amount": 7.77,
            "operation": 0
          }
		  ]
		}
]
}