{
    "comment": "These qualities will apply for all chestplates, which also includes
                the vanilla elytra. For more info about how to edit this file and
                add more files, visit
                https://bitbucket.org/Tmtravlr/qualitytools/wiki/Home",
    
    "slot": "chest",
    "whitelist": [
      {
        "slot": "chest"
      }
    ],
    "blacklist": [
    
    ],
    "qualities": [
      {
        "name": "Poor",
        "color": "gray",
        "weight": 250,
        "attributes": [
          {
            "name": "generic.armor",
            "amount": -0.1,
            "operation": 0
          },
          {
            "name": "generic.armorToughness",
            "amount": 0.0,
            "operation": 0
          },
          {
            "name": "generic.knockbackResistance",
            "amount": 0.0,
            "operation": 0
          },
		  {
            "name": "potioncore.magicShielding",
            "amount": 0.0,
            "operation": 0
          },
		  {
            "name": "generic.maxHealth",
            "amount": 0.00,
            "operation": 0
          }
        ]
      },
	  {
        "name": "Common",
        "color": "white",
        "weight": 1000,
        "attributes": [
          {
            "name": "generic.armor",
            "amount": 0.1,
            "operation": 0
          },
          {
            "name": "generic.armorToughness",
            "amount": 0.1,
            "operation": 0
          },
          {
            "name": "generic.knockbackResistance",
            "amount": 0.1,
            "operation": 0
          },
		  {
            "name": "potioncore.magicShielding",
            "amount": 0.0,
            "operation": 0
          },
		  {
            "name": "generic.maxHealth",
            "amount": 2.00,
            "operation": 0
          }
        ]
      },
      {
        "name": "Uncommon",
        "color": "green",
        "weight": 500,
        "attributes": [
          {
            "name": "generic.armor",
            "amount": 0.2,
            "operation": 0
          },
          {
            "name": "generic.armorToughness",
            "amount": 0.2,
            "operation": 0
          },
          {
            "name": "generic.knockbackResistance",
            "amount": 0.2,
            "operation": 0
          },
		  {
            "name": "potioncore.magicShielding",
            "amount": 0.2,
            "operation": 0
          },
		  {
            "name": "generic.maxHealth",
            "amount": 4.00,
            "operation": 0
          }
        ]
      },
      {
        "name": "Rare",
        "color": "blue",
        "weight": 250,
        "attributes": [
          {
            "name": "generic.armor",
            "amount": 0.3,
            "operation": 0
          },
          {
            "name": "generic.armorToughness",
            "amount": 0.3,
            "operation": 0
          },
          {
            "name": "generic.knockbackResistance",
            "amount": 0.3,
            "operation": 0
          },
		  {
            "name": "potioncore.magicShielding",
            "amount": 0.3,
            "operation": 0
          },
		  {
            "name": "generic.maxHealth",
            "amount": 6.00,
            "operation": 0
          }
        ]
      },
      {
        "name": "Epic",
        "color": "dark_purple",
        "weight": 125,
        "attributes": [
          {
            "name": "generic.armor",
            "amount": 0.4,
            "operation": 0
          },
          {
            "name": "generic.armorToughness",
            "amount": 0.4,
            "operation": 0
          },
          {
            "name": "generic.knockbackResistance",
            "amount": 0.4,
            "operation": 0
          },
		  {
            "name": "potioncore.magicShielding",
            "amount": 0.4,
            "operation": 0
          },
		  {
            "name": "generic.maxHealth",
            "amount": 8.00,
            "operation": 0
          }
        ]
      },
      {
        "name": "Legendary",
        "color": "light_purple",
        "weight": 60,
        "attributes": [
          {
            "name": "generic.armor",
            "amount": 0.5,
            "operation": 0
          },
          {
            "name": "generic.armorToughness",
            "amount": 0.5,
            "operation": 0
          },
          {
            "name": "generic.knockbackResistance",
            "amount": 0.5,
            "operation": 0
          },
		  {
            "name": "potioncore.magicShielding",
            "amount": 0.5,
            "operation": 0
          },
		  {
            "name": "generic.maxHealth",
            "amount": 10.00,
            "operation": 0
          }
        ]
      },
      {
        "name": "Mythic Mage",
        "color": "dark_red",
        "weight": 15,
        "attributes": [
          {
            "name": "potioncore.magicDamage",
            "amount": 2.00,
            "operation": 0
          },
		  {
            "name": "generic.attackDamage",
            "amount": 0.00,
            "operation": 0
          },
		  {
            "name": "potioncore.projectileDamage",
            "amount": 1.00,
            "operation": 0
          },
		  {
            "name": "generic.armor",
            "amount": 0.5,
            "operation": 0
          },
          {
            "name": "generic.armorToughness",
            "amount": 0.5,
            "operation": 0
          },
		  {
            "name": "potioncore.damageResistance",
            "amount": 0.00,
            "operation": 2
          },		  
          {
            "name": "generic.knockbackResistance",
            "amount": 0.5,
            "operation": 0
          },
		  {
            "name": "potioncore.magicShielding",
            "amount": 1.5,
            "operation": 0
          },
		  {
		    "name": "generic.movementSpeed",
            "amount": 0.05,
            "operation": 2
          },
		  {
            "name": "potioncore.jumpHeight",
            "amount": 0.0,
            "operation": 0
          },		  
		  {
            "name": "generic.attackSpeed",
            "amount": 0.00,
            "operation": 2
          },
          {
            "name": "potioncore.digSpeed",
            "amount": 0.00,
            "operation": 2
          },
		  {
            "name": "generic.maxHealth",
            "amount": 10.00,
            "operation": 0
          }
        ]
      },
      {
        "name": "Mythic Warrior",
        "color": "dark_red",
        "weight": 15,
        "attributes": [
            {
            "name": "potioncore.magicDamage",
            "amount": 0.00,
            "operation": 0
          },
		  {
            "name": "generic.attackDamage",
            "amount": 2.00,
            "operation": 0
          },
		  {
            "name": "potioncore.projectileDamage",
            "amount": 1.00,
            "operation": 0
          },
		  {
            "name": "generic.armor",
            "amount": 1.5,
            "operation": 0
          },
          {
            "name": "generic.armorToughness",
            "amount": 0.5,
            "operation": 0
          },
		  {
            "name": "potioncore.damageResistance",
            "amount": 0.00,
            "operation": 2
          },		  
          {
            "name": "generic.knockbackResistance",
            "amount": 0.5,
            "operation": 0
          },
		  {
            "name": "potioncore.magicShielding",
            "amount": 0.5,
            "operation": 0
          },
		  {
		    "name": "generic.movementSpeed",
            "amount": 0.05,
            "operation": 2
          },
		  {
            "name": "potioncore.jumpHeight",
            "amount": 0.0,
            "operation": 0
          },		  
		  {
            "name": "generic.attackSpeed",
            "amount": 0.00,
            "operation": 2
          },
          {
            "name": "potioncore.digSpeed",
            "amount": 0.00,
            "operation": 2
          },
		  {
            "name": "generic.maxHealth",
            "amount": 10.00,
            "operation": 0
          }
        ]
      },
      {
        "name": "Mythic Ranger",
        "color": "dark_red",
        "weight": 15,
        "attributes": [
            {
            "name": "potioncore.magicDamage",
            "amount": 0.00,
            "operation": 0
          },
		  {
            "name": "generic.attackDamage",
            "amount": 1.00,
            "operation": 0
          },
		  {
            "name": "potioncore.projectileDamage",
            "amount": 2.00,
            "operation": 0
          },
		  {
            "name": "generic.armor",
            "amount": 0.5,
            "operation": 0
          },
          {
            "name": "generic.armorToughness",
            "amount": 0.5,
            "operation": 0
          },
		  {
            "name": "potioncore.damageResistance",
            "amount": 0.00,
            "operation": 2
          },		  
          {
            "name": "generic.knockbackResistance",
            "amount": 0.5,
            "operation": 0
          },
		  {
            "name": "potioncore.magicShielding",
            "amount": 0.5,
            "operation": 0
          },
		  {
		    "name": "generic.movementSpeed",
            "amount": 0.10,
            "operation": 2
          },
		  {
            "name": "potioncore.jumpHeight",
            "amount": 0.10,
            "operation": 2
          },		  
		  {
            "name": "generic.attackSpeed",
            "amount": 0.10,
            "operation": 2
          },
          {
            "name": "potioncore.digSpeed",
            "amount": 0.10,
            "operation": 2
          },
		  {
            "name": "generic.maxHealth",
            "amount": 10.00,
            "operation": 0
          }
        ]
      },
      {
        "name": "Divine Mage",
        "color": "gold",
        "weight": 8,
        "attributes": [
          {
            "name": "potioncore.magicDamage",
            "amount": 4.00,
            "operation": 0
          },
		  {
            "name": "generic.attackDamage",
            "amount": 0.00,
            "operation": 0
          },
		  {
            "name": "potioncore.projectileDamage",
            "amount": 2.00,
            "operation": 0
          },
		  {
            "name": "generic.armor",
            "amount": 0.5,
            "operation": 0
          },
          {
            "name": "generic.armorToughness",
            "amount": 0.5,
            "operation": 0
          },
		  {
            "name": "potioncore.damageResistance",
            "amount": 0.00,
            "operation": 2
          },		  
          {
            "name": "generic.knockbackResistance",
            "amount": 0.5,
            "operation": 0
          },
		  {
            "name": "potioncore.magicShielding",
            "amount": 2.5,
            "operation": 0
          },
		  {
		    "name": "generic.movementSpeed",
            "amount": 0.05,
            "operation": 2
          },
		  {
            "name": "potioncore.jumpHeight",
            "amount": 0.0,
            "operation": 0
          },		  
		  {
            "name": "generic.attackSpeed",
            "amount": 0.00,
            "operation": 2
          },
          {
            "name": "potioncore.digSpeed",
            "amount": 0.00,
            "operation": 2
          },
		  {
            "name": "generic.maxHealth",
            "amount": 10.00,
            "operation": 0
          }
        ]
      },
      {
        "name": "Divine Warrior",
        "color": "gold",
        "weight": 8,
        "attributes": [
            {
            "name": "potioncore.magicDamage",
            "amount": 0.00,
            "operation": 0
          },
		  {
            "name": "generic.attackDamage",
            "amount": 4.00,
            "operation": 0
          },
		  {
            "name": "potioncore.projectileDamage",
            "amount": 2.00,
            "operation": 0
          },
		  {
            "name": "generic.armor",
            "amount": 2.5,
            "operation": 0
          },
          {
            "name": "generic.armorToughness",
            "amount": 0.5,
            "operation": 0
          },
		  {
            "name": "potioncore.damageResistance",
            "amount": 0.00,
            "operation": 2
          },		  
          {
            "name": "generic.knockbackResistance",
            "amount": 0.5,
            "operation": 0
          },
		  {
            "name": "potioncore.magicShielding",
            "amount": 0.5,
            "operation": 0
          },
		  {
		    "name": "generic.movementSpeed",
            "amount": 0.05,
            "operation": 2
          },
		  {
            "name": "potioncore.jumpHeight",
            "amount": 0.0,
            "operation": 0
          },		  
		  {
            "name": "generic.attackSpeed",
            "amount": 0.00,
            "operation": 2
          },
          {
            "name": "potioncore.digSpeed",
            "amount": 0.00,
            "operation": 2
          },
		  {
            "name": "generic.maxHealth",
            "amount": 20.00,
            "operation": 0
          }
        ]
      },
      {
        "name": "Divine Ranger",
        "color": "gold",
        "weight": 8,
        "attributes": [
            {
            "name": "potioncore.magicDamage",
            "amount": 0.00,
            "operation": 0
          },
		  {
            "name": "generic.attackDamage",
            "amount": 2.00,
            "operation": 0
          },
		  {
            "name": "potioncore.projectileDamage",
            "amount": 4.00,
            "operation": 0
          },
		  {
            "name": "generic.armor",
            "amount": 0.5,
            "operation": 0
          },
          {
            "name": "generic.armorToughness",
            "amount": 0.5,
            "operation": 0
          },
		  {
            "name": "potioncore.damageResistance",
            "amount": 0.00,
            "operation": 2
          },		  
          {
            "name": "generic.knockbackResistance",
            "amount": 0.5,
            "operation": 0
          },
		  {
            "name": "potioncore.magicShielding",
            "amount": 0.5,
            "operation": 0
          },
		  {
		    "name": "generic.movementSpeed",
            "amount": 0.20,
            "operation": 2
          },
		  {
            "name": "potioncore.jumpHeight",
            "amount": 0.20,
            "operation": 2
          },		  
		  {
            "name": "generic.attackSpeed",
            "amount": 0.20,
            "operation": 2
          },
          {
            "name": "potioncore.digSpeed",
            "amount": 0.20,
            "operation": 2
          },
		  {
            "name": "generic.maxHealth",
            "amount": 15.00,
            "operation": 0
          }
        ]
      }
]
}