{
    "comment": "These qualities will apply for all fishing rods! For more info
                about how to edit this file and add more files, visit 
                https://bitbucket.org/Tmtravlr/qualitytools/wiki/Home",
    
    "slot": [
        "mainhand"
    ],
    "whitelist": [
      {
        "class": "ItemFishingRod"
      }
    ],
    "blacklist": [
    
    ],
    "qualities": [
      {
        "name": "Poor",
        "color": "gray",
        "weight": 250,
        "attributes": [
          {
            "name": "generic.luck",
            "amount": -1.5,
            "operation": 0
          }
        ]
      },
	  {
        "name": "Common",
        "color": "white",
        "weight": 1000,
        "attributes": [
                    {
            "name": "generic.luck",
            "amount": 0.0,
            "operation": 0
          }
        ]
      },
      {
        "name": "Uncommon",
        "color": "green",
        "weight": 500,
        "attributes": [
                    {
            "name": "generic.luck",
            "amount": 0.3,
            "operation": 0
          }
        ]
      },
      {
        "name": "Rare",
        "color": "blue",
        "weight": 250,
        "attributes": [
          {
            "name": "generic.luck",
            "amount": 0.6,
            "operation": 0
          }
        ]
      },
      {
        "name": "Epic",
        "color": "dark_purple",
        "weight": 100,
        "attributes": [
           {
            "name": "generic.luck",
            "amount": 0.9,
            "operation": 0
          }
        ]
      },
      {
        "name": "Legendary",
        "color": "light_purple",
        "weight": 50,
        "attributes": [
           {
            "name": "generic.luck",
            "amount": 1.2,
            "operation": 0
          }
        ]
      },
      {
        "name": "Mythic",
        "color": "dark_red",
        "weight": 25,
        "attributes": [
           {
            "name": "generic.luck",
            "amount": 1.5,
            "operation": 0
          }
        ]
      },
      {
        "name": "Divine",
        "color": "gold",
        "weight": 12,
        "attributes": [
           {
            "name": "generic.luck",
            "amount": 2.0,
            "operation": 0
          }
		  ]
		}
]
}