{
    "comment": "There aren't any magic weapons by default, but you can add
                the items yourself here. For more info about how to edit 
                this file and add more files, visit 
                https://bitbucket.org/Tmtravlr/qualitytools/wiki/Home",
    
    "slot": [
        "mainhand",
        "offhand"
    ],
    "whitelist": [
			{"class": "ItemWand"
			 }    
    ],
    "blacklist": [
    
    ],
    "qualities": [
      {
        "name": "Poor",
        "color": "gray",
        "weight": 250,
        "attributes": [
          {
            "name": "potioncore.magicDamage",
            "amount": -0.5,
            "operation": 0
          }
        ]
      },
	  {
        "name": "Common",
        "color": "white",
        "weight": 1000,
        "attributes": [
                    {
            "name": "potioncore.magicDamage",
            "amount": 1.00,
            "operation": 0
          }
        ]
      },
      {
        "name": "Uncommon",
        "color": "green",
        "weight": 500,
        "attributes": [
                    {
            "name": "potioncore.magicDamage",
            "amount": 2.00,
            "operation": 0
          }
        ]
      },
      {
        "name": "Rare",
        "color": "blue",
        "weight": 250,
        "attributes": [
          {
            "name": "potioncore.magicDamage",
            "amount": 3.0,
            "operation": 0
          }
        ]
      },
      {
        "name": "Epic",
        "color": "dark_purple",
        "weight": 100,
        "attributes": [
           {
            "name": "potioncore.magicDamage",
            "amount": 4.00,
            "operation": 0
          }
        ]
      },
      {
        "name": "Legendary",
        "color": "light_purple",
        "weight": 60,
        "attributes": [
           {
            "name": "potioncore.magicDamage",
            "amount": 5.0,
            "operation": 0
          }
        ]
      },
      {
        "name": "Mythic",
        "color": "dark_red",
        "weight": 40,
        "attributes": [
           {
            "name": "potioncore.magicDamage",
            "amount": 6.00,
            "operation": 0
          }
        ]
      },
      {
        "name": "Divine",
        "color": "gold",
        "weight": 20,
        "attributes": [
           {
            "name": "potioncore.magicDamage",
            "amount": 7.77,
            "operation": 0
          }
		  ]
		}
]
}