{
    "comment": "These qualities will apply for all basic weapons and
                tools, including swords, pickaxes, axes, shovels, hoes, 
                and shears! For more info about how to edit this file 
                and add more files, visit 
                https://bitbucket.org/Tmtravlr/qualitytools/wiki/Home",
    
    "slot": "mainhand",
    "whitelist": [
      {
        "class": "ItemTool"
      },
      {
        "class": "ItemHoe"
      },
      {
        "class": "ItemShears"
      },
      {
        "class": "ItemWand"
      },	  
      {
        "class": "ItemSword"
      },
	  {
        "item": "ancientwarfarenpc:death_scythe"
      }
    ],
    "blacklist": [
    
    ],
    "qualities": [
      {
        "name": "Poor",
        "color": "gray",
        "weight": 250,
        "attributes": [
          {
            "name": "generic.attackDamage",
            "amount": -0.10,
            "operation": 2
          },
          {
            "name": "potioncore.digSpeed",
            "amount": -0.10,
            "operation": 2
          },
          {
            "name": "generic.reachDistance",
            "amount": -0.10,
            "operation": 2
          },
          {
            "name": "generic.attackSpeed",
            "amount": -0.10,
            "operation": 2
          }
        ]
      },
	{
        "name": "Common",
        "color": "white",
        "weight": 1000,
        "attributes": [
          {
            "name": "generic.attackDamage",
            "amount": 0.10,
            "operation": 2
          },
          {
            "name": "potioncore.digSpeed",
            "amount": 0.10,
            "operation": 2
          },
          {
            "name": "generic.reachDistance",
            "amount": 0.10,
            "operation": 2
          },
          {
            "name": "generic.attackSpeed",
            "amount": 0.10,
            "operation": 2
          }
        ]
      },
	{
        "name": "Uncommon",
        "color": "green",
        "weight": 500,
        "attributes": [
          {
            "name": "generic.attackDamage",
            "amount": 0.15,
            "operation": 2
          },
          {
            "name": "potioncore.digSpeed",
            "amount": 0.15,
            "operation": 2
          },
          {
            "name": "generic.reachDistance",
            "amount": 0.15,
            "operation": 2
          },
          {
            "name": "generic.attackSpeed",
            "amount": 0.15,
            "operation": 2
          }
        ]
      },
	{
        "name": "Rare",
        "color": "blue",
        "weight": 250,
        "attributes": [
          {
            "name": "generic.attackDamage",
            "amount": 0.20,
            "operation": 2
          },
          {
            "name": "potioncore.digSpeed",
            "amount": 0.20,
            "operation": 2
          },
          {
            "name": "generic.reachDistance",
            "amount": 0.20,
            "operation": 2
          },
          {
            "name": "generic.attackSpeed",
            "amount": 0.20,
            "operation": 2
          }
        ]
      },
	{
        "name": "Epic",
        "color": "dark_purple",
        "weight": 125,
        "attributes": [
          {
            "name": "generic.attackDamage",
            "amount": 0.25,
            "operation": 2
          },
          {
            "name": "potioncore.digSpeed",
            "amount": 0.25,
            "operation": 2
          },
          {
            "name": "generic.reachDistance",
            "amount": 0.25,
            "operation": 0
          },
          {
            "name": "generic.attackSpeed",
            "amount": 0.25,
            "operation": 2
          }
        ]
      },
	{
        "name": "Legendary",
        "color": "light_purple",
        "weight": 65,
        "attributes": [
          {
            "name": "generic.attackDamage",
            "amount": 0.30,
            "operation": 2
          },
          {
            "name": "potioncore.digSpeed",
            "amount": 0.30,
            "operation": 2
          },
          {
            "name": "generic.reachDistance",
            "amount": 0.30,
            "operation": 0
          },
          {
            "name": "generic.attackSpeed",
            "amount": 0.30,
            "operation": 2
          }
        ]
      },
	{
        "name": "Mythic Mage",
        "color": "dark_red",
        "weight": 20,
        "attributes": [
          {
            "name": "potioncore.magicDamage",
            "amount": 3.00,
            "operation": 0
          },
		  {
            "name": "generic.attackDamage",
            "amount": 0.00,
            "operation": 0
          },
		  {
            "name": "potioncore.projectileDamage",
            "amount": 1.00,
            "operation": 0
          },
		  {
            "name": "generic.attackDamage",
            "amount": 0.30,
            "operation": 2
          },
          {
            "name": "potioncore.digSpeed",
            "amount": 0.30,
            "operation": 2
          },
          {
            "name": "generic.reachDistance",
            "amount": 0.30,
            "operation": 2
          },
          {
            "name": "generic.attackSpeed",
            "amount": 0.30,
            "operation": 2
          }
        ]
      },
	  {
        "name": "Mythic Warrior",
        "color": "dark_red",
        "weight": 20,
        "attributes": [
          {
            "name": "potioncore.magicDamage",
            "amount": 0.00,
            "operation": 0
          },
		  {
            "name": "generic.attackDamage",
            "amount": 3.00,
            "operation": 0
          },
		  {
            "name": "potioncore.projectileDamage",
            "amount": 1.00,
            "operation": 0
          },
		  {
            "name": "generic.attackDamage",
            "amount": 0.30,
            "operation": 2
          },
          {
            "name": "potioncore.digSpeed",
            "amount": 0.30,
            "operation": 2
          },
          {
            "name": "generic.reachDistance",
            "amount": 0.30,
            "operation": 2
          },
          {
            "name": "generic.attackSpeed",
            "amount": 0.30,
            "operation": 2
          }
        ]
      },
	{
        "name": "Mythic Ranger",
        "color": "dark_red",
        "weight": 20,
        "attributes": [
          {
            "name": "potioncore.magicDamage",
            "amount": 0.00,
            "operation": 0
          },
		  {
            "name": "generic.attackDamage",
            "amount": 1.00,
            "operation": 0
          },
		  {
            "name": "potioncore.projectileDamage",
            "amount": 3.00,
            "operation": 0
          },
		  {
            "name": "generic.attackDamage",
            "amount": 0.30,
            "operation": 2
          },
          {
            "name": "potioncore.digSpeed",
            "amount": 0.30,
            "operation": 2
          },
          {
            "name": "generic.reachDistance",
            "amount": 0.30,
            "operation": 2
          },
          {
            "name": "generic.attackSpeed",
            "amount": 0.30,
            "operation": 2
          }
        ]
      },  
{
        "name": "Divine Mage",
        "color": "gold",
        "weight": 10,
        "attributes": [
          {
            "name": "potioncore.magicDamage",
            "amount": 5.00,
            "operation": 0
          },
		  {
            "name": "generic.attackDamage",
            "amount": 0.00,
            "operation": 0
          },
		  {
            "name": "potioncore.projectileDamage",
            "amount": 3.00,
            "operation": 0
          },
		  {
            "name": "generic.attackDamage",
            "amount": 0.30,
            "operation": 2
          },
          {
            "name": "potioncore.digSpeed",
            "amount": 0.60,
            "operation": 2
          },
          {
            "name": "generic.reachDistance",
            "amount": 0.60,
            "operation": 2
          },
          {
            "name": "generic.attackSpeed",
            "amount": 0.30,
            "operation": 2
          }
        ]
      },
	  {
        "name": "Divine Warrior",
        "color": "gold",
        "weight": 10,
        "attributes": [
          {
            "name": "potioncore.magicDamage",
            "amount": 0.00,
            "operation": 0
          },
		  {
            "name": "generic.attackDamage",
            "amount": 5.00,
            "operation": 0
          },
		  {
            "name": "potioncore.projectileDamage",
            "amount": 3.00,
            "operation": 0
          },
		  {
            "name": "generic.attackDamage",
            "amount": 0.60,
            "operation": 2
          },
          {
            "name": "potioncore.digSpeed",
            "amount": 0.30,
            "operation": 2
          },
          {
            "name": "generic.reachDistance",
            "amount": 0.30,
            "operation": 2
          },
          {
            "name": "generic.attackSpeed",
            "amount": 0.30,
            "operation": 2
          }
        ]
      },
	{
        "name": "Divine Ranger",
        "color": "gold",
        "weight": 10,
        "attributes": [
          {
            "name": "potioncore.magicDamage",
            "amount": 0.00,
            "operation": 0
          },
		  {
            "name": "generic.attackDamage",
            "amount": 3.00,
            "operation": 0
          },
		  {
            "name": "potioncore.projectileDamage",
            "amount": 5.00,
            "operation": 0
          },
		  {
            "name": "generic.attackDamage",
            "amount": 0.30,
            "operation": 2
          },
          {
            "name": "potioncore.digSpeed",
            "amount": 0.60,
            "operation": 2
          },
          {
            "name": "generic.reachDistance",
            "amount": 0.30,
            "operation": 2
          },
          {
            "name": "generic.attackSpeed",
            "amount": 0.60,
            "operation": 2
          }
        ]
      }
]
}